PRID;HONU;DIAH;DIAP;HODE;HBDE;HBDI;SCMO;SCDR;STGR;STSI;STTY;MINA;MINS;SDVC;SDCO;SDME;SDFI;SDVF;SDTO;STPC;CLPC;PSCL;BULK;MCT1;TEN2;MCT2;TEN3;MCT3;TEN4;MCT4;MCT5;HYDC;INFR;PHAQ;PHKC;ELCO;SONA;SOCA;SOMG;SOLK;SOCL;SSO4;SCO3;HCO3;EXCA;EXMG;EXNA;EXCK;EXAL;EXAC;CECS;TCEQ;GYPS;TOTC;TOTN;P2O5;PRET;FEDE;FEPE;ALDE;ALPE;CLAY
SN002/KAL;1;;;;13;C;10YR4/1;;;;M;;;;;;;;86;8;3;S;;;;;;;;;;;;3,609999895;3,410000086;571,1099854;1,690000057;;0,379999995;0,039999999;2,25;0,779999971;;;;0,400000006;0,50999999;0,01;;;2,799999952;;;;;;;;;;;
SN002/KAL;2;;;;24;G;10YR7/6;;;;M;;;;;;;;90;7;1;S;;;;;;;;;;;;3,769999981;3,630000114;232,3200073;0,720000029;;0,059999999;0,01;2;0,25;;;;0,25;0,379999995;0,01;;;2,599999905;;;;;;;;;;;
SN002/KAL;3;;;;36;C;10YR7/3;;;;M;;;;;;;;85;7;4;LS;;;;;;;;;;;;3,670000076;3,369999886;592,4199829;2,029999971;;0,310000002;0,059999999;2,5;0,779999971;;;;0,790000021;0,529999971;0,01;;;3,200000048;;;;;;;;;;;
SN002/KAL;4;;;;110;;10YR5/1;;;;R;;;;;;;;43;37;20;L;;;;;;;;;;;;3,059999943;2,849999905;29,04000092;3,430000067;0,5;1,679999948;0,079999998;8,75;7,510000229;;;0,680000007;3,720000029;4,53000021;0,07;;;13,60000038;;;;;;;;;;;
SN008C/A001;1;;;Ap;6;;10YR4/3;;;;S;;;;;;;;;;;;;;;;;;;;;;;8,699999809;;;;;;;;;;;;;;;;;;;;2,299999952;0,219999999;6;;;;;;
SN008C/A001;2;;;A1;17;;10YR3/4;;;;M;;;;37;;52;;90;4;6;S;;;;;;;;;;;;7,699999809;;;;;;;;;;;2,549999952;1,139999986;0,01;0,07;;;316;;;1,800000072;0,179999992;1;;;;;;
SN008C/A001;3;;;A2;59;;10YR3/4;;;;M;;;;34;;55;;88;4;7;S;;;;;;;;;;;;7,5;;;;;;;;;;;2,50999999;1,330000043;0,02;0,059999999;;;4,170000076;;;1,399999976;0,149999991;1;;;;;;
SN008C/A001;4;;;B;90;;10YR3/3;;;;M;;;;33;;55;;88;4;8;S;;;;;;;;;;;;7,699999809;;;;;;;;;;;3,089999914;1,480000019;0,029999999;0,059999999;;;44;;;1,199999928;0,149999991;1;;;;;;
SN008C/A001;5;;;C1;103;;10YR4/3;;;;M;;;;;;;;;;;;;;;;;;;;;;;7,900000095;;;;;;;;;;;3,059999943;1,480000019;0,01;0,079999998;;;4,130000114;;;;;;;;;;;
SN008C/A001;6;;;C2;135;;10YR5/3;;;;M;;;;;;;;;;;;;;;;;;;;;;;9,199999809;;;;;;;;;;;;;;;;;;;;;;;;;;;;
SN008C/A004;1;;;Ap;5;;10YR4/3;;;;S;;;;;;;;;;;;;;;;;;;;;;;;;;;;;;;;;;;;;;;;;;;1,800000072;0,230000004;3;;;;;;
SN008C/A004;2;;;A1;20;;10YR3/2;;;;S;;;;25;;57;;83;10;7;LS;;;;;;;;;;;;7,900000095;;;;;;;;;;;4,090000153;0,810000002;0,01;0,270000011;;;4,940000057;;;2,799999952;0,25;1;;;;;;
SN008C/A004;3;;;A2;25;;10YR3/2;;;;S;;;;;;;;;;;;;;;;;;;;;;;7,699999809;;;;;;;;;;;6,980000019;0,589999974;0,01;0,079999998;;;6,389999866;;;3,099999905;0,230000004;1;;;;;;
SN008C/A004;4;;;B1;54;;10YR3/1;;;;B;;;;30;;52;;82;8;11;LS;;;;;;;;;;;;7,800000191;;;;;;;;;;;14,96000004;0,610000014;0,07;0,059999999;;;9,159999847;;;3,199999809;0,280000001;3;;;;;;
SN008C/A004;5;;;B2;80;;10YR3/1;;;;B;;;;30;;52;;82;7;12;LS;;;;;;;;;;;;8,5;;;;;;;;;;;19,51000023;0,610000014;0,100000001;0,050000001;;;10,14000034;;;;;;;;;;;
SN008C/A004;6;;;C;135;;10YR6/2;;;;B;;;;;;;;;;;;;;;;;;;;;;;8,5;;;;;;;;;;;;;;;;;;;;;;;;;;;;
SN008C/A013;1;;;Ap;6;;10YR4/3;;;;S;;;;;;;;;;;;;;;;;;;;;;;7,300000191;6,199999809;;;;;;;;;;;;;;;;;;;2;3,400000095;6;;;;;;
SN008C/A013;2;;;A1;28;;10YR4/2;;;;M;;;;34;;54;;88;5;6;S;;;;;;;;;;;;6,300000191;4,900000095;;;;;;;;;;1,580000043;0,579999983;0,02;0,039999999;;;2,5;;;1,800000072;0,140000001;1;;;;;;
SN008C/A013;3;;;AB;44;;10YR4/2;;;;M;;;;;;;;;;;;;;;;;;;;;;;5,800000191;4,099999905;;;;;;;;;;;;;;;;;;;;;;;;;;;
SN008C/A013;4;;;B1;55;;10YR3/3;;;;M;;;;;;;;;;;;;;;;;;;;;;;6;4,699999809;;;;;;;;;;;;;;;;;;;;;;;;;;;
SN008C/A013;5;;;B2;116;;10YR3/2;;;;M;;;;;;35;54;89;5;8;S;;;;;;;;;;;;5,900000095;4,800000191;;;;;;;;;;;;;;;;;;;;;;;;;;;
SN008C/A013;6;;;C;125;;10YR4/2;;;;M;;;;;;;;;;;;;;;;;;;;;;;6,099999905;;;;;;;;;;;;;;;;;;;;;;;;;;;;
SN008C/B007;1;;;Ap;4;;10YR4/3;;;;S;;;;;;;;;;;;;;;;;;;;;;;8,600000381;;;;;;;;;;;;;;;;;;;;;;;;;;;;
SN008C/B007;2;;;A1;17;;10YR3/3;;;;S;;;;28;;58;;86;7;7;LS;;;;;;;;;;;;8,300000191;;;;;;;;;;;16,07999992;0,579999983;0,029999999;0,090000004;;;6,289999962;;;3,099999905;0,349999994;;;;;;;
SN008C/B007;3;;;A2;54;;10YR3/2;;;;S;;;;29;;55;;84;8;10;LS;;;;;;;;;;;;8,899999619;;;;;;;;;;;19,31999969;0,600000024;0,02;0,07;;;7,630000114;;;3,799999952;0,370000005;;;;;;;
SN008C/B007;4;;;Bk;110;;10YR5/3;;;;S;;;;22;;49;;71;9;18;SL;;;;;;;;;;;;8,699999809;;;;;;;;;;;22,25;0,639999986;0,02;0,029999999;;;5,949999809;;;;;;;;;;;
SN008C/B007;5;;;BC;128;;;;;;;;;;;;;;;;;;;;;;;;;;;;;9,199999809;;;;;;;;;;;;;;;;;;;;;;;;;;;;
SN008C/B007;6;;;Ck;150;;;;;;;;;;;;;;;;;;;;;;;;;;;;;;;;;;;;;;;;;;;;;;;;;;;;;;;;;
SN008C/B012;1;;;;6;A;7.5YR4/6;;;;N;;;;;;;;;;;;;;;;;;;;;;;8;6,300000191;;;;;;;;;;;;;;;;;;;1,5;0,129999995;8;;;;;;
SN008C/B012;2;;;;40;G;7.5YR5/4;;;;M;;;;33;;60;;93;3;4;S;;;;;;;;;;;;5,099999905;4,199999809;;;;;;;;;;0,230000004;0,07;0,01;0,029999999;;;1,399999976;;;1,199999928;0,129999995;4;;;;;;
SN008C/B012;3;;;;70;D;7.5YR4/8;;;;M;;;;32;;62;;94;2;4;S;;;;;;;;;;;;4,900000095;4,199999809;;;;;;;;;;0,079999998;0,02;0,01;0,02;;;1,370000005;;;;;;;;;;;
SN008C/B012;4;;;;150;;7.5YR5/8;;;;M;;;;;;;;;;;;;;;;;;;;;;;4,800000191;;;;;;;;;;;;;;;;;;;;;;;;;;;;
SN008C/B014;1;;;A;26;;10YR4/4;;;;M;;;;32;;58;;90;5;5;S;;;;;;;;;;;;6,699999809;5,599999905;;;;;;;;;;1,110000014;0,529999971;0,02;0,079999998;;;2,349999905;;;1,5;0,170000017;2;;;;;;
SN008C/B014;2;;;(B);103;;10YR3/3;;;;M;;;;31;;56;;90;4;6;S;;;;;;;;;;;;6,5;5;;;;;;;;;;1,350000024;0,850000024;0,01;0,029999999;;;2,710000038;;;;;;;;;;;
SN008C/B014;3;;;C;150;;7.5YR4/6;;;;M;;;;;;;;;;;;;;;;;;;;;;;6,300000191;;;;;;;;;;;;;;;;;;;;;;;;;;;;
SN008C/B13;1;;;Ap;4;;10YR4/4;;;;N;;;;;;;;;;;;;;;;;;;;;;;7,400000095;;;;;;;;;;;;;;;;;;;;;;;;;;;;
SN008C/B13;2;;;A;34;;10YR4/6;;;;M;;;;;;;;;;;;;;;;;;;;;;;7,5;;;;;;;;;;;;;;;;;;;;;;;;;;;;
SN008C/B13;3;;;;67;;10YR5/6;;;;M;;;;;;;;;;;;;;;;;;;;;;;6,900000095;;;;;;;;;;;;;;;;;;;;;;;;;;;;
SN008C/B13;4;;;;100;;10YR5/7;;;;M;;;;;;;;;;;;;;;;;;;;;;;5,099999905;;;;;;;;;;;;;;;;;;;;;;;;;;;;
SN008C/B13;5;;;;150;;10YR6/8;;;;M;;;;;;;;;;;;;;;;;;;;;;;5,199999809;;;;;;;;;;;;;;;;;;;;;;;;;;;;
SN102IAO;1;;;A;2;A;7.5YR5/3;10YR6/3;N;;M;V;M;;12;7;17;;35;33;32;CL;;;;;;;;;;;;5,869999886;;0,085000001;;;;;;;;;4,909999847;2,829999924;0,330000013;0,75;;;8,819999695;;;8,300000191;0,829999983;;;;;;;
SN102IAO;2;;;AE;55;C;7.5YR4/4;10YR4.5/4;W;M;G;V;M;;9;5;14;;28;30;41;C;;;;;;;;;;;;5,53000021;;0,128000006;;;;;;;;;7,019999981;2,950000048;0,439999998;0,129999995;;;10,53999996;;;7,400000095;0,649999976;;;;;;;
SN102IAO;3;;PL;CE;85;C;5YR4/4;10YR4/3;N;;N;A;M;;11;5;13;;29;29;41;C;;;;;;;;;;;;6,579999924;;0,112000003;;;;;;;;;;;;;;;;;;;;;;;;;;
SN102IAO;4;;PL;C;145;G;10YR6/6;10YR7/6;S;M;A;D;C;;26;6;7;;39;23;37;CL;;;;;;;;;;;;6,860000134;;0,208000004;;;;;;;;;;;;;;;;;;;;;;;;;;
SN103IAO;1;FA;;AC;100;;5YR3/4;5YR4/5;N;;N;D;C;;29;12;12;;53;34;13;SL;;;;;;;;;;;;6,599999905;;0,109999999;;;;;;;;;10,73999977;2,599999905;0,310000002;0,460000008;;;14,10999966;;;18,5;1,610000014;;;;;;;
SN105IAO;1;OC;;Ah1;1;A;10YR2/1;10YR4/1;W;M;G;C;F;;65;15;3;;83;10;7;LS;;;;;;;;;;;;7,599999905;;0,504999995;;;;;;;;;;4,110000134;0,170000002;0,720000029;;;14,80000019;138;;30,39999962;2,5;;;;;;;
SN105IAO;2;OC;;Ah2;12;A;10YR2/1;10YR4/1;W;M;G;F;F;;57;20;4;;81;10;9;LS;;;;;;;;;;;;8,130000114;;0,186000004;;;;;;;;;;3,410000086;0,159999996;0,280000001;;;10;131;;15;1,460000038;;;;;;;
SN105IAO;3;;GL;Cg1;30;A;10YR5/3;10YR5/2;N;;N;M;F;;75;19;2;;96;3;1;S;;;;;;;;;;;;8,43999958;;0,128999993;;;;;;;;;;1,5;0,119999997;0,01;;;1,799999952;48;;1,700000048;0,200000003;;;;;;;
SN105IAO;4;;GL;Cg2;70;C;10YR6/3;10YR6/2;N;;N;A;C;;83;14;0;;97;1;1;S;;;;;;;;;;;;8,409999847;;0,114;;;;;;;;;;0,550000012;0,150000006;0,01;;;0,699999988;28;;2,900000095;0,150000006;;;;;;;
SN105IAO;5;;GL;Cg3;154;;10YR6/3;10YR7/3;N;;M;M;C;;70;27;1;;97;2;1;S;;;;;;;;;;;;7,690000057;;0,940999985;;;;;;;;;;;;;;;;;;;;;;;;;;
SN112IAO;1;;VE;A;15;C;10YR5/1;10YR6/1;S;C;R;F;F;;4;3;2;;9;34;57;C;;;;;;;;;;;;7,900000095;;4,929999828;;;;;;;;;;5,769999981;1,330000043;1,059999943;;;19,89999962;357;;11,39999962;1,200000048;;;;;;;
SN112IAO;2;;;B1;30;G;10YR5/1;;M;F;R;V;F;;3;2;1;;6;40;54;C;;;;;;;;;;;;7,800000191;;4,78000021;;;;;;;;;;8,890000343;1,980000019;1,340000033;;;19,89999962;334;;11,80000019;0,829999983;;;;;;;
SN112IAO;3;;;B2;85;C;10YR4/1;;N;;M;;;;17;18;4;;29;20;41;C;;;;;;;;;;;;8,100000381;;6;;;;;;;;;;12,35999966;4,079999924;1,269999981;;;18,70000076;194;;10;0,779999971;;;;;;;
SN113IAO;1;OC;;A;35;C;2.5Y3/2;2.5Y3/2;;;G;V;F;;5;2;2;;9;63;28;SICL;;;;;;;;;;;;7,699999809;;0,219999999;;;;;;;;;;4,409999847;0,109999999;0,119999997;;;27,79999924;370;;32,59999847;1,600000024;;;;;;;
SN113IAO;2;CB;;Bw1;65;C;2,5Y3/2;2,5Y5/2;;;A;A;C;;19;5;7;;31;44;25;L;;;;;;;;;;;;8,100000381;;0,230000004;;;;;;;;;;2,630000114;0,109999999;0,090000004;;;10,69999981;517;;17,79999924;0,469999999;;;;;;;
SN113IAO;3;CB;GL;Bw2;75;C;2.5Y6/2;2.5Y7/2;;;S;V;F;;5;5;9;;18;52;29;SICL;;;;;;;;;;;;8;;0,219999999;;;;;;;;;;;;;;;;;;;;;;;;;;
SN113IAO;4;;GL;C1;115;C;2.5Y8/3;2.5Y5/2;;;A;F;F;;8;3;5;;17;54;29;SICL;;;;;;;;;;;;8,300000191;;0,230000004;;;;;;;;;;;;;;;;;;;;;;;;;;
SN113IAO;5;;GL;C2;170;;2.5Y7/3;2.5Y7/2;;;A;N;;;2;2;7;;11;67;22;SIL;;;;;;;;;;;;8;;0,25;;;;;;;;;;;;;;;;;;;;;;;;;;
SN118IAO;1;;;A;15;A;10YR3/1;10YR4/1;W;F;G;F;M;;24;12;6;;41;28;31;CL;;;;;;;;;;;;8;;0,280000001;;;;;;;;;;5,889999866;0,159999996;0,219999999;;;20;203;;19,10000038;1,360000134;;;;;;;
SN118IAO;2;AR;;BC;65;D;2.5YR6/4;2.5YR7/4;S;M;A;M;F;;1;1;1;1;3;33;56;SIC;;;;;;;;;;;;8,399999619;;0,289999992;;;;;;;;;;11,31000042;1,360000014;0,02;;;11;239;;6,599999905;0,230000004;;;;;;;
SN118IAO;3;;GL;BCg;120;;2.5YR5/4;2.5YR6/4;M;M;A;M;C;;1;0;0;0;1;40;59;C;;;;;;;;;;;;8,300000191;;1,309999943;;;;;;;;;;;;;;;;;;;;;;;;;;
SN121IAO;1;OC;FL;A1;45;A;10YR2/2;10YR3/3;W;M;A;C;C;;54;24;6;;85;11;4;LS;;;;;;;;;;;;3,200000048;;1,190000057;;;;;;;;;;5,769999981;1,330000043;1,059999943;2,049999952;;5,579999924;;;30,79999924;2,739999771;;;;;;;
SN121IAO;2;;FL;A2;63;A;10YR7/4;7.5YR5/8;W;F;G;N;;;74;21;1;;96;2;2;S;;;;;;;;;;;;3,299999952;;0,300000012;;;;;;;;;;;;;;;;;;;;;;;;;;
SN121IAO;3;;GL;C1;70;A;10YR2/2;;N;;N;N;;;80;19;3;;99;0;0;S;;;;;;;;;;;;3,900000095;;0,059999999;;;;;;;;;;;;;;;;;;;;;;;;;;
SN121IAO;4;;GL;C2;120;D;10YR6/4;7.5YR5/8;N;;N;N;;;73;24;85;;98;1;1;S;;;;;;;;;;;;3,900000095;;0,07;;;;;;;;;;;;;;;;;;;;;;;;;;
SN121IAO;5;;;C3;145;;10YR4/2;;N;;N;N;;;88;10;1;;98;1;1;S;;;;;;;;;;;;3,900000095;;0,129999995;;;;;;;;;;;;;;;;;;;;;;;;;;
SN204IAO;1;OC;;Ap;20;C;7.5YR4/3;7.5YR6/2;N;;M;;;;55;26;13;;94;2;4;S;;;;;;;;;;;;7;;0,100000001;;;;;;;;;2,029999971;0,409999996;0,100000001;0,07;;;2,609999895;;;1,899999976;0,180000007;;;;;;;
SN204IAO;2;;;B;80;D;7.5YR6/6;7,5YR7/3;N;;M;;;;50;27;17;;93;1;5;S;;;;;;;;;;;;;;;;;;;;;;;;;;;;;;;;1,399999976;0,119999997;;;;;;;
SN204IAO;3;;;C;140;;7,5YR8/3;7.5YR8/2;N;;M;;;;58;25;11;;94;1;5;S;;;;;;;;;;;;5,900000095;;0,02;;;;;;;;;5,510000229;0,189999998;0,119999997;0,039999999;0,150000006;0,349999994;6,210000038;;;0,600000024;0,119999997;;;;;;;
SN206IAO;1;;;A0;2;A;;7.5YR7/4;N;;M;M;F;;30;25;21;;76;15;9;LS;;;;;;;;;;;;6,699999809;;0,129999995;;;;;;;;;1,409999967;0,680000007;0,379999995;0,529999971;;0,100000001;3,099999905;;;3,200000048;0,330000013;;;;;;;
SN206IAO;2;;;A1;20;C;;7.5YR5/3;N;;M;M;F;;45;21;11;;77;11;12;LS;;;;;;;;;;;;5,300000191;;0,050000001;;;;;;;;;2,140000105;0,600000024;0,189999998;0,02;;0,400000006;3,349999905;;;3,799999952;0,330000013;;;;;;;
SN206IAO;3;;;R;30;;;;;;;A;C;;;;;;;;;;;;;;;;;;;;;;;;;;;;;;;;;;;;;;;;;;;;;;;;;
SNA006/C001;2;;;A;28;;10YR5/2;;;;S;;;;3;;38;21;62;27;10;SL;;;;;;;;;;;;5,900000095;;;;;;;;;;;0,5;0,200000003;0,150000006;0,449999988;;;7,5;;;2,700000048;0,219999999;;;;;;;
SNA006/C001;3;;;BA;51;;10YR5/3;;;;M;;;;2;;32;22;56;30;13;SL;;;;;;;;;;;;5,5;;;;;;;;;;;0,600000024;0,25999999;0,150000006;0,460000008;;;7,699999809;;;1,399999976;0,109999999;;;;;;;
SNA006/C001;4;;;B1;72;;10YR6/3;;;;M;;;;2;;34;24;60;23;15;SL;;;;;;;;;;;;5,5;;;;;;;;;;;0,699999988;0,310000002;0,200000003;0,460000008;;;7,5;;;;;;;;;;;
SNA006/C001;5;;;B2;116;;10YR5/4;;;;W;;;;3;;38;12;54;17;28;L;;;;;;;;;;;;5,199999809;;;;;;;;;;;1,299999952;0,340000004;0,50999999;0,540000021;;;10,60000038;;;;;;;;;;;
SNA007/C003;1;;;Ap;6;;10YR4/3;;;;M;;;;;;;;;;;;;;;;;;;;;;;7,099999905;;;;;;;;;;;;;;;;;;;;2,700000048;0,199999988;7;;;;;;
SNA007/C003;2;;;A;20;;10YR4/3;;;;M;;;0;1;26;35;15;77;14;8;LS;;;;;;;;;;;;6,300000191;;;;;;;;;;;1;0,25;0,029999999;0,029999999;;;1,600000024;;;3,199999809;0,199999988;9;;;;;;
SNA007/C003;3;;;AC;40;;7.5YR4/4;;;;M;;;;;;;;;;;;;;;;;;;;;;;6;;;;;;;;;;;;;;;;;;;;1,899999976;0,25;9;;;;;;
SNA007/C003;4;;;C;150;;2.5YR4/6;;;;M;;;0;1;31;30;14;75;11;12;SL;;;;;;;;;;;;6,099999905;;;;;;;;;;;0,449999988;0,029999999;0,02;0,029999999;;;1,600000024;;;;;;;;;;;
SNA009/C003;1;;;Ap;5;;10YR3/3;;;;S;;;;;;;;;;;;;;;;;;;;;;;7;;;;;;;;;;;;;;;;;;;;3;0,299999982;15;;;;;;
SNA009/C003;2;;;A;23;;10YR3/3;;;;M;;;0;1;26;32;19;78;15;8;LS;;;;;;;;;;;;6,599999905;;;;;;;;;;;0,699999988;0,349999994;;;;;2,200000048;;;1,5;0,149999991;10;;;;;;
SNA009/C003;3;;;AB;43;;10YR4/3;;;;M;;;;;;;;;;;;;;;;;;;;;;;5,900000095;;;;;;;;;;;;;;;;;;;;1,5;0,129999995;;;;;;;
SNA009/C003;4;;;Bt;125;;7.5YR4/6;;;;M;;;0;1;27;30;14;72;11;19;SL;;;;;;;;;;;;6,300000191;;;;;;;;;;;1,299999952;0,540000021;;;;;2,400000095;;;;;;;;;;;
SNA009/C003;5;;;C;157;;7.5YR5/6;;;;M;;;;;;;;;;;;;;;;;;;;;;;;;;;;;;;;;;;;;;;;;;;;;;;;;;;
SNA010/C003;1;;;Ap;9;;10YR3/2;;;;S;;;;;;;;;;;;;;;;;;;;;;;7,099999905;;0,140000001;;;;;;;;;;;;;;;;;;13,89999962;1,199999928;6;;;;;;
SNA010/C003;2;;;A1;25;;10YR3/2;;;;S;;;0;0;4;7;12;23;33;39;SICL;;;;;;;;;;;;7,400000095;;0,119999997;;;;;;;;;46,20000076;2,170000076;0,170000002;0,140000001;;;12,97999954;;;12,10000038;0,920000017;7;;;;;;
SNA010/C003;3;;;A2;43;;10YR4/2;;;;S;;;1;0;4;6;11;22;30;47;C;;;;;;;;;;;;7,5;;0,127000004;;;;;;;;;;;;;;;;;;8,399999619;0,640000045;10;;;;;;
SNA010/C003;4;;;AC;64;;10YR6/1;;;;M;;;;;;;;;;;;;;;;;;;;;;;7,400000095;;0,250999987;;;;;;;;;;;;;;;;;;4;0,310000002;20;;;;;;
SNA010/C003;5;;;C;130;;10YR5/6;;;;M;;;1;1;6;16;25;49;33;15;L;;;;;;;;;;;;7,5;;0,156000003;;;;;;;;;20,79999924;0,50999999;0,100000001;0,039999999;;;3,25999999;;;1,5;0,109999999;10;;;;;;
SNA06/C001;1;;;Ap;6;;10YR5/2;;;;S;;;;3;;42;20;65;24;9;SL;;;;;;;;;;;;6,599999905;;;;;;;;;;;1,399999976;0,400000006;0,560000002;1,700000048;;;5,599999905;;;3,799999952;0,340000033;;;;;;;
SNB013/C003;1;;;;8;A;10YR3/2;;;;G;;;;;;;;;;;;;;;;;;;;;;;5,900000095;;;;;;;;;;;;;;;;;;;;2,799999952;0,239999995;19;;;;;;
SNB013/C003;2;;;;24;G;10YR4/3;;;;M;;;0;1;30;29;18;78;15;7;SL;;;;;;;;;;;;6,199999809;;;;;;;;;;;1,25;0,589999974;0,029999999;0,029999999;;;1,75;;;2,200000048;0,170000002;6;;;;;;
SNB013/C003;3;;;;40;D;10YR5/3;;;;M;;;;;;;;;;;;;;;;;;;;;;;6;;;;;;;;;;;;;;;;;;;;0,400000006;0,029999999;10;;;;;;
SNB013/C003;4;;;;90;C;10YR5/4;;;;M;;;0;1;29;28;19;76;16;7;SL;;;;;;;;;;;;5,599999905;;;;;;;;;;;0,439999998;0,219999999;0,029999999;0,029999999;;;1,019999981;;;;;;;;;;;
SNB013/C003;5;;;;125;;10YR7/4;;;;M;;;0;1;29;30;20;79;13;7;SL;;;;;;;;;;;;5,599999905;;;;;;;;;;;0,5;0,239999995;;;;;1,200000048;;;;;;;;;;;
SNB101;1;;;;20;;;;;;;;;;;;;;;;;CL;;;;;;;;;;;;;;;;;;;;;;;;;;;;;30;;;;;;;;;;;
SNB101;2;;;;65;;;;;;;;;;;;;;;;;SC;;;;;;;;;;;;;;;;;;;;;;;;;;;;;;;;;;;;;;;;
SNB101;3;;;;90;;;;;;;;;;;;;;;;;C;;;;;;;;;;;;;;;;;;;;;;;;;;;;;;;;;;;;;;;;
SNBAIP017;1;;;;10;G;10YR5/3;;;;A;;;;0;5;11;10;26;56;17;SI;;;;;;;;;;;;4,800000191;;0,029999999;;;;;;;;;0,949999988;0,349999994;0,090000004;0,059999999;;;2,450000048;;;0,086000003;0,0117;0;;;;;;
SNBAIP017;2;;;;40;G;10YR5/2;;;;A;;;;0;4;11;6;22;62;15;SI;;;;;;;;;;;;4,800000191;;0,018999999;;;;;;;;;0,699999988;0,25;0,090000004;0,050000001;;;2,599999905;;;0,068999998;0,01;0;;;;;;
SNBAIP017;3;;;;70;G;10YR4/2;;;;A;;;;0;14;24;6;45;22;31;CL;;;;;;;;;;;;4,599999905;;0,028999999;;;;;;;;;0,119999997;1,379999995;0,07;0,039999999;;;5,650000095;;;;;;;;;;;
SNBAIP017;4;;;;84;A;10YR5/2;;;;M;;;;;;;;;;;CL;;;;;;;;;;;;;;;;;;;;;;;;;;;;;;;;;;;;;;;;
SNBAIP017;5;;;;110;G;10YR7/2;;;;M;;;;0;26;64;7;98;2;0;S;;;;;;;;;;;;5,199999809;;0,013;;;;;;;;;0,050000001;;0,039999999;;;;1,25;;;;;;;;;;;
SNBAIP017;6;;;;130;A;10YR7/2;;;;M;;;;0;29;62;6;97;2;1;S;;;;;;;;;;;;5,699999809;;0,017000001;;;;;;;;;0,25;0,050000001;0,300000012;0,039999999;;;1,049999952;;;;;;;;;;;
SNBAIP017;7;;;;150;;10YR8/2;;;;;;;;;;;;;;;S;;;;;;;;;;;;;;;;;;;;;;;;;;;;;;;;;;;;;;;;
SNCC.143;1;;;;25;;;;;;B;;;;16;;33;;48;8;21;SCL;;;;;;;;;;;;8,100000381;6,300000191;;;;;;;;;;14,21000004;1,429999948;0,5;0,029999999;;;;;;4,900000095;0,560000002;;;;;;;
SNCC.143;2;;;;50;;;;;;R;;;;10;;27;;37;8;8;LS;;;;;;;;;;;;8,699999809;6,800000191;;;;;;;;;;15,05000019;0,379999995;1,360000014;0,029999999;;;;;;2;0,25;;;;;;;
SNCC.143;3;;;;70;C;;;;;R;;;;10;;76;;86;2;12;LS;;;;;;;;;;;;;;;;;;;;;;;;;;;;;;;;1,399999976;0,189999998;;;;;;;
SNCC.143;4;;;;100;;;;;;S;;;;;;;;;;;;;;;;;;;;;;;;;;;;;;;;;;;;;;;;;;;;;;;;;;;
SNCRZ13;1;;;;5;;;;;;S;;;;29;;65;;94;2;4;S;;;;;;;;;;;;5,900000095;;;;;;;;;;;1,129999995;0,550000012;0,039999999;0,200000003;;;1,919999957;;;2,640000105;0,230000004;1;;;;;;
SNCRZ13;2;;;;15;;;;;;A;;;;;;;;;;;;;;;;;;;;;;;;;;;;;;;;;;;;;;;;;;;;;;;;;;;
SNCRZ13;3;;;;28;;;;;;;;;;27;;64;;91;6;2;S;;;;;;;;;;;;5,699999809;;;;;;;;;;;0,970000029;0,920000017;0;0,129999995;;;2,019999981;;;1,75;0,209999993;1;;;;;;
SNCRZ13;4;;;;55;;;;;;;;;;25;;64;;89;4;6;S;;;;;;;;;;;;5,300000191;;;;;;;;;;;0,810000002;0,629999995;0,02;0,180000007;;;1,639999986;;;1,429999948;0,180000007;1;;;;;;
SNCRZ13;5;;;;120;;;;;;;;;;28;;57;;84;4;11;LS;;;;;;;;;;;;5,199999809;;;;;;;;;;;0,899999976;0,779999971;0;0,050000001;;;1,730000019;;;1,049999952;0,129999995;0;;;;;;
SNCRZ45;1;;;;10;;;;;;;;;;38;;58;;96;1;2;S;;;;;;;;;;;;6,199999809;;;;;;;;;;;1,159999967;0,419999987;0,109999999;0,119999997;;;1,809999943;;;;;;;;;;;
SNCRZ45;2;;;;30;;;;;;;;;;38;;58;;96;1;2;S;;;;;;;;;;;;6,400000095;;;;;;;;;;;0,899999976;0,25;0,090000004;0,079999998;;;1,320000052;;;;;;;;;;;
SNCRZ45;3;;;;60;;;;;;;;;;36;;61;;97;0;3;S;;;;;;;;;;;;5,800000191;;;;;;;;;;;0,560000002;0,400000006;0,079999998;0,02;;;1,059999943;;;;;;;;;;;
SNCRZ45;4;;;;90;;;;;;;;;;36;;61;;97;2;2;S;;;;;;;;;;;;5,599999905;;;;;;;;;;;0,720000029;0,150000006;0,170000002;0,050000001;;;1,090000033;;;;;;;;;;;
SNCRZ45;5;;;;120;;;;;;;;;;38;;60;;98;0;2;S;;;;;;;;;;;;5,800000191;;;;;;;;;;;0,699999988;0,090000004;0,059999999;0,02;;;0,870000005;;;;;;;;;;;
SND07/C001;1;;;A1;20;;10YR5/3;;;;M;;;;1;;27;26;55;30;14;SL;;;;;;;;;;;;6;;;;;;;;;;;2,24000001;0,839999974;0,560000002;1,080000043;;;8,5;;;1,399999976;0,140000001;;;;;;;
SND07/C001;2;;;A2;30;;10YR6/3;;;;M;;;;1;;27;20;48;34;16;L;;;;;;;;;;;;5,5;;;;;;;;;;;2;0,560000002;1,179999948;0,600000024;;;9,050000191;;;2,5;0,199999988;;;;;;;
SND07/C001;3;;;AB;44;;10YR5/3;;;;M;;;;1;;28;21;50;32;16;L;;;;;;;;;;;;5,599999905;;;;;;;;;;;1,799999952;0,479999989;0,370000005;0,589999974;;;7,949999809;;;2,5;0,170000017;;;;;;;
SND07/C001;4;;;Bt1;59;;10YR7/4;;;;M;;;;1;;23;20;43;25;24;L;;;;;;;;;;;;5,5;;;;;;;;;;;2;0,74000001;1,590000033;0,819999993;;;9,25;;;;;;;;;;;
SND07/C001;5;;;Bt2;100;;10YR6/4;;;;M;;;;1;;21;20;41;35;32;CL;;;;;;;;;;;;5,699999809;;;;;;;;;;;2,440000057;0,660000026;2,049999952;1,100000024;;;14,60000038;;;;;;;;;;;
SND07/C001;6;;;Bt3;126;;10YR7/4;;;;M;;;;1;;18;16;36;10;27;L;;;;;;;;;;;;5,300000191;;;;;;;;;;;2,200000048;0,800000012;1,590000033;0,769999981;;;11;;;;;;;;;;;
SND13/2;1;;;;4;C;7,5YR5/3;;;;S;;;;1;;47;21;69;19;11;;;;;;;;;;;;;6,900000095;;;;;;;;;;;0,720000029;0,239999995;;;;;;;;;;;;;;;;
SND13/2;2;;;;15;G;7,5YR4/4;;;;M;;;;1;;44;20;64;20;14;;;;;;;;;;;;;6,300000191;;;;;;;;;;;0,370000005;0,119999997;;;;;;;;;;;;;;;;
SND13/2;3;;;;37;A;5YR4/6;;;;S;;;;1;;33;20;54;11;31;;;;;;;;;;;;;5,699999809;;;;;;;;;;;0,720000029;0,25999999;;;;;;;;;;;;;;;;
SND13/2;4;;;;55;;;;;;;;;;;;;;;;;;;;;;;;;;;;;;;;;;;;;;;;;;;;;;;;;;;;;;;;;
SNDIEP015;1;;;;20;C;10YR4/2;;;;S;;;;1;33;36;10;80;16;10;LS;;;;;;;;;;;;5,599999905;;;;;;;;;;;0,400000006;0,300000012;0,050000001;0,119999997;;;1,899999976;;;6,600000381;1,120000005;0;;;;;;
SNDIEP015;2;;;;82;C;10YR5/3;;;;M;;;;1;18;19;6;44;16;39;CL;;;;;;;;;;;;5,199999809;;;;;;;;;;;2,400000095;1,049999952;0,079999998;0,129999995;;;5,849999905;;;8,300000191;1,320000052;;;;;;;
SNDIEP015;3;;;;55;C;10YR5/2;;;;M;;;;1;18;28;8;54;14;32;SCL;;;;;;;;;;;;4,699999809;;;;;;;;;;;1,450000048;0,949999988;0,059999999;0,140000001;;;6,099999905;;;6,399999619;0,99000001;0;;;;;;
SNDIEP015;4;;;;90;C;7.5YR4/4;;;;M;;;;3;45;30;6;83;6;11;LS;;;;;;;;;;;;4;;;;;;;;;;;0,349999994;0,200000003;0,059999999;0,07;;;2,349999905;;;;;;;;;;;
SNDIEP015;5;;;;111;;7.5YR4/4;;;;M;;;;2;35;29;5;71;8;21;SCL;;;;;;;;;;;;3,700000048;;;;;;;;;;;0,300000012;0,349999994;0,050000001;0,150000006;;;4,349999905;;;;;;;;;;;
SNE02/C003;1;;;Ap;2;;7.5YR3/2;;;;B;;;;;;;;;;;;;;;;;;;;;;;6,5;;;;;;;;;;;;;;;;;;;;;;;;;;;;
SNE02/C003;2;;;A1;17;;10YR3/2;;;;M;;;;1;25;30;20;76;19;5;LS;;;;;;;;;;;;5,5;;;;;;;;;;;1,99000001;0,819999993;0,02;0,119999997;;;2,599999905;;;4,300000191;0,370000005;16;;;;;;
SNE02/C003;3;;;A2;32;;7.5YR3/4;;;;M;;;;;;;;;;;;;;;;;;;;;;;5,5;;;;;;;;;;;;;;;;;;;;2,099999905;0,189999998;11;;;;;;
SNE02/C003;4;;;B;64;;7.5YR4/6;;;;M;;;;1;26;28;18;76;10;13;SL;;;;;;;;;;;;5,900000095;;;;;;;;;;;0,959999979;0,600000024;0,02;0,050000001;;;1,799999952;;;;;;;;;;;
SNE02/C003;5;;;Bt1;115;;7.5YR5/8;;;;M;;;;1;31;24;14;70;12;17;SL;;;;;;;;;;;;5,900000095;;;;;;;;;;;1,899999976;0,660000026;;;;;2,599999905;;;;;;;;;;;
SNE02/C003;6;;;Bt2;130;;7.5YR5/8;;;;M;;;;;;;;;;;;;;;;;;;;;;;6;;;;;;;;;;;;;;;;;;;;;;;;;;;;
SNE06/C001;1;;;A;12;;10YR3/2;;;;M;;;;2;32;18;14;65;18;14;SL;;;;;;;;;;;;5,800000191;;0,022;;;;;;;;;3,5;0,699999988;0,029999999;0,159999996;;;10;;;15,39999962;1,5;17;;;;;;
SNE06/C001;2;;;AB;29;;10YR4/3;;;;M;;;;2;32;18;16;68;16;13;SL;;;;;;;;;;;;5,699999809;;0,01;;;;;;;;;1,5;0,550000012;0,02;0,090000004;;;9,5;;;2,099999905;0,020000001;8;;;;;;
SNE06/C001;3;;;Bw1;55;;7.5YR3/3;;;;M;;;;2;34;19;16;70;18;14;SL;;;;;;;;;;;;5,5;;0,008;;;;;;;;;1,149999976;0,25;0,02;0,07;;;5;;;1,199999928;0,120000005;12;;;;;;
SNE06/C001;4;;;Bw2;94;;7.5YR4/4;;;;M;;;;2;32;19;14;66;17;15;SL;;;;;;;;;;;;5,5;;0,007;;;;;;;;;0,850000024;0,200000003;0,02;0,07;;;8;;;0,599999964;0,049999997;12;;;;;;
SNE06/C001;5;;;Bw3;150;;7.5YR4/6;;;;M;;;;1;26;18;22;67;19;14;SL;;;;;;;;;;;;5,5;;0,007;;;;;;;;;0,699999988;0,349999994;0,01;0,050000001;;;7,5;;;0,299999982;;12;;;;;;
SNE09/C001;1;;;Ap;4;;10YR4/4;;;;N;;;;1;30;15;15;60;19;18;SL;;;;;;;;;;;;7,5;;0,418000013;;;;;;;;;4,75;2,599999905;0,140000001;2,069999933;;;6;;;13,20000076;1,199999928;78;;;;;;
SNE09/C001;2;;;A;14;;10YR4/3;;;;M;;;;1;29;16;17;62;16;18;SL;;;;;;;;;;;;7,900000095;;0,114;;;;;;;;;3,349999905;1,75;0,119999997;1,74000001;;;16,89999962;;;7,400000095;0,900000036;47;;;;;;
SNE09/C001;3;;;AB;30;;10YR4/4;;;;M;;;;1;28;20;15;63;17;18;SL;;;;;;;;;;;;6,599999905;;0,066;;;;;;;;;0,649999976;0,150000006;0,150000006;2,400000095;;;30,89999962;;;0,900000036;0,040000003;12;;;;;;
SNE09/C001;4;;;Bt1;65;;7.5YR5/6;;;;M;;;;1;23;16;17;57;23;23;SCL;;;;;;;;;;;;6,099999905;;0,130999997;;;;;;;;;0,800000012;0,349999994;0,129999995;2,039999962;;;29,89999962;;;0,299999982;0;10;;;;;;
SNE09/C001;5;;;Bt2;110;;7.5YR5/8;;;;M;;;;0;17;15;18;51;18;27;SCL;;;;;;;;;;;;4,800000191;;0,115000002;;;;;;;;;2,299999952;0,949999988;0,050000001;0,25999999;;;25,5;;;0,299999982;0;3;;;;;;
SNE09/C001;6;;;Bs;140;;7.5YR6/6;;;;M;;;;1;19;13;20;53;20;26;SCL;;;;;;;;;;;;4,699999809;;0,185000002;;;;;;;;;2,049999952;1,299999952;0,050000001;0,209999993;;;32,90000153;;;0,299999982;0;6;;;;;;
SNE10/C003;1;;;;40;C;10YR3/1;;;;S;;;;1;13;12;8;34;26;38;CL;;;;;;;;;;;;6,400000095;;;;;;;;;;;22,79999924;2,049999952;0,140000001;0,200000003;;;22;;;30,59999847;1,5;;;;;;;
SNE10/C003;2;;;;52;C;2.5YR4/3;;;;S;;;;3;15;17;14;50;19;32;SCL;;;;;;;;;;;;7,900000095;;;;;;;;;;;20,5;1,149999976;0,150000006;0,059999999;;;18,5;;;62,39999771;2,899999857;;;;;;;
SNE10/C003;3;;;;64;A;2.5YR4/4;;;;S;;;;3;11;7;6;27;21;50;C;;;;;;;;;;;;7,900000095;;;;;;;;;;;18,10000038;0,899999976;0,090000004;0,07;;;17;;;20,10000038;1;10;;;;;;
SNE10/C003;4;;;;110;;10YR6/2;;;;M;;;;4;25;25;18;72;14;13;SL;;;;;;;;;;;;8,100000381;;;;;;;;;;;6,650000095;0,150000006;0,07;0,239999995;;;5;;;14,29999924;0,699999988;10;;;;;;
SNE12/C001;1;;;Ap;4;;10YR4/3;;;;S;;;;2;48;23;12;86;6;8;LS;;;;;;;;;;;;6,5;;0,024;;;;;;;;;0,699999988;3,049999952;0;0,289999992;;;3;;;4;0,320000023;10;;;;;;
SNE12/C001;2;;;A;16;;10YR4/4;;;;M;;;;1;37;24;17;78;8;14;SL;;;;;;;;;;;;5,400000095;;0,009;;;;;;;;;0,449999988;0,300000012;0,059999999;0,289999992;;;4;;;5,5;0,439999998;11;;;;;;
SNE12/C001;3;;;BA;48;;7.5YR4/4;;;;M;;;;1;37;23;12;73;9;18;SL;;;;;;;;;;;;5,099999905;;0,009;;;;;;;;;0,899999976;0,5;0,059999999;0,25;;;5,5;;;6,399999619;0,519999981;12;;;;;;
SNE12/C001;4;;;B;120;;7.5YR5/8;;;;M;;;;1;40;19;9;70;5;25;SCL;;;;;;;;;;;;5,099999905;;0,100000001;;;;;;;;;0,699999988;0,800000012;0,079999998;0,25;;;5;;;2,799999952;0,349999994;12;;;;;;
SNE16/C001;1;;;Ap;6;;10YR3/3;;;;N;;;;1;42;26;14;83;9;8;LS;;;;;;;;;;;;6,5;;125;;;;;;;;;1,5;0,699999988;0,079999998;0,589999974;;;;;;2,5;0,199999988;22;;;;;;
SNE16/C001;2;;;A;37;;10YR4/3;;;;M;;;;1;37;30;15;83;7;10;LS;;;;;;;;;;;;4,800000191;;13;;;;;;;;;0,800000012;0,400000006;0,029999999;0,079999998;;;;;;1,800000072;0,199999988;51;;;;;;
SNE16/C001;3;;;AC;74;;10YR5/4;;;;M;;;;1;47;26;11;84;4;12;LS;;;;;;;;;;;;5,099999905;;13;;;;;;;;;0,800000012;0,200000003;0,029999999;0,01;;;;;;;;;;;;;;
SNE16/C001;4;;;C1;100;;10YR6/3;;;;M;;;;1;26;36;20;83;9;8;LS;;;;;;;;;;;;5,199999809;;10;;;;;;;;;0,5;0,100000001;0,029999999;0,059999999;;;;;;;;;;;;;;
SNE16/C001;5;;;C2;150;;10YR7/4;;;;M;;;;1;53;26;11;91;2;7;S;;;;;;;;;;;;5,5;;29;;;;;;;;;0,5;0,100000001;0,029999999;0;;;;;;;;;;;;;;
SNE17/C001;1;;;Ap;5;;7.5YR4/4;;;;M;;;;2;51;22;12;86;4;10;LS;;;;;;;;;;;;6,400000095;;50;;;;;;;;;1,299999952;0,400000006;0,039999999;0,100000001;;;;;;2,5;0,219999999;15;;;;;;
SNE17/C001;2;;;A;23;;7.5YR3/4;;;;M;;;;1;45;21;14;81;7;12;LS;;;;;;;;;;;;5,300000191;;13;;;;;;;;;1,200000048;0,400000006;0,02;0,07;;;;;;2,5;0,219999999;20;;;;;;
SNE17/C001;3;;;B1;38;;5YR4/4;;;;M;;;;1;44;21;11;77;5;17;SL;;;;;;;;;;;;5,400000095;;17;;;;;;;;;1,299999952;0,200000003;0,039999999;0,109999999;;;;;;4;0,379999995;15;;;;;;
SNE17/C001;4;;;B2;89;;2.5YR4/6;;;;M;;;;1;35;24;13;72;6;22;SCL;;;;;;;;;;;;5,900000095;;22;;;;;;;;;1,899999976;0,300000012;0,02;0,02;;;;;;;;;;;;;;
SNE17/C001;5;;;B3;150;;2.5YR4/8;;;;M;;;;1;36;20;11;68;6;26;SCL;;;;;;;;;;;;6,300000191;;25;;;;;;;;;1,799999952;0,400000006;0,039999999;0,140000001;;;;;;;;;;;;;;
SNGb10;1;;;;5;;;;;;;;;;;;;;;;;;;;;;;;;;;;;;;;;;;;;;;;;;;;;;;;;;;;;;;;;
SNGb10;2;;;;25;;;;;;;;;;;;;;;;;;;;;;;;;;;;;;;;;;;;;;;;;;;;;;;;;;;;;;;;;
SNGb10;3;;;;100;;;;;;;;;;;;;;;;41;;;;;;;;;;;;;5,5;4,099999905;;;;;;;;;;6,599999905;3,359999895;0,270000011;0,039999999;;;;;;49;5,599999905;0;;;;;;
SNH047;1;;;;10;;5YR3/4;;;;M;A;F;;;;;;46;20;34;SCL;;;;;;;;;;;;6,300000191;;0,628000021;;;;;;;;;7,579999924;4,849999905;0,460000008;0,0495;;;16,81999969;;;15,10000038;0,540000021;;;;;;;
SNH047;2;;;;43;;5YR3/4;;;;M;A;F;;;;;;42;14;42;C;;;;;;;;;;;;4,199999809;;0,195999995;;;;;;;;;1,980000019;2,74000001;0,379999995;0,014;;;13,18999958;;;4,099999905;0,620000005;;;;;;;
SNH047;3;;;;75;;2.5YR3/6;;;;M;A;F;;;;;;62;5;34;SCL;;;;;;;;;;;;4,539999962;;0,193000004;;;;;;;;;2,160000086;4,349999905;0,409999996;0,007;;;15,94999981;;;1,700000048;0,449999988;;;;;;;
SNH047;4;;;;105;;2.5YR3/6;;;;M;A;F;;;;;;63;8;30;SCL;;;;;;;;;;;;4,300000191;;0,175999999;;;;;;;;;2,299999952;3,539999962;0,419999987;0,007;;;14,05000019;;;1,200000048;0,540000021;;;;;;;
SNH047;5;;;;210;;2.5YR5/6;;;;M;A;M;;;;;;;;;;;;;;;;;;;;;;;;;;;;;;;;;;;;;;;;;;;;;;;;;
SNH071;1;;;;10;;10YR4/4;10YR5/4;W;C;S;;;;;;;;;;;;;;;;;;;;;;;;;;;;;;;;;;1,779999971;0,800000012;0,289999992;;;;2,380000114;;;;;;;;;;;
SNH071;2;;;;58;;10YR4/4;10YR5/4;W;X;S;;;;;;;;91;4;4;;;;;;;;;;;;;4,679999828;;0,167999998;;;;;;;;;1,429999948;0,779999971;0,319999993;0,0045;;;2,230000019;;;2,329999924;0,589999974;;;;;;;
SNH071;3;;;;134;;7.5YR4/4;10YR5.5/4;W;X;S;;;;;;;;91;3;6;;;;;;;;;;;;;4,389999866;;0,134000003;;;;;;;;;1,309999943;2,430000067;0,280000001;0,003;;;2,450000048;;;0,579999983;0,109999999;;;;;;;
SNH071;4;;;;144;;7.5YR4.5/6;7.5YR5.5/6;W;X;S;;;;;;;;;;;;;;;;;;;;;;;;;;;;;;;;;;;;;;;;;;;;;;;;;;;
SNH253;1;;;A;18;;10YR2.5/3;10YR3.5/2;S;X;A;N;;;;;;;47;24;29;SCL;;;;;;;;;;;;;;;;;;;;;;;;;;0,01;;;20,55999947;;;11,60000038;1,100000024;;;;;;;
SNH253;2;;SI;AC;50;;2.5Y4.5/2;2.5Y4/2;S;C;R;V;F;;;;;;39;22;39;CL;;;;;;;;;;;;7,599999905;;0,699999988;;;;;;;;;20,23999977;6,199999809;0,75;0,007;;;24,63999939;;;2,329999924;3,099999905;;;;;;;
SNH253;3;;SI;C1;83;;2.5Y4.5/2;2.5Y4/2;S;C;R;F;F;;;;;;39;22;39;CL;;;;;;;;;;;;7,460000038;;0,628000021;;;;;;;;;21,78000069;5,619999886;0,529999971;0,007;;;24,36000061;;;1,159999967;6,5;;;;;;;
SNH253;4;;;C2;121;;2.5Y4.5/2;2.5Y4/2;M;C;A;M;F;;;;;;;;;;;;;;;;;;;;;;;;;;;;;;;;;;;;;;;;;;;;;;;;;
SNH253;5;;;CR;130;;;;;;;;;;;;;;;;;;;;;;;;;;;;;;;;;;;;;;;;;;;;;;;;;;;;;;;;;
SNH431;1;;;;13;;10YR4.5/4;10YR5.5/3;M;C;P;;;;;;;;64;20;16;SL;;;;;;;;;;;;4,829999924;;0,523999989;;;;;;;;;3,00999999;1,309999943;0,300000012;0,0105;;;6,480000019;;;2,910000086;0,389999986;;;;;;;
SNH431;2;;;;45;;10YR5/4;;;;P;;;;;;;;75;14;12;SL;;;;;;;;;;;;5,400000095;;0,287;;;;;;;;;2,940000057;1,350000024;0,319999993;0,017999999;;;4,300000191;;;1,74000001;0,129999995;;;;;;;
SNH431;3;;;;78;;5Y3.5/1;;W;C;A;;;;;;;;37;25;38;CL;;;;;;;;;;;;4,639999866;;0,430000007;;;;;;;;;7,389999866;3,799999952;0,430000007;0,015;;;14,23999977;;;5,230000019;0,230000004;;;;;;;
SNH431;4;;;;140;;5Y3.5/1;;W;C;A;;;;;;;;21;24;55;C;;;;;;;;;;;;5,519999981;;0,372000009;;;;;;;;;10,5;5,690000057;0,460000008;0,0065;;;18,46999931;;;3,49000001;0,400000006;;;;;;;
SNH524;1;;;;8;;10YR4.5/4;10YR5.5/4;N;;N;;;;;;;;91;4;6;S;;;;;;;;;;;;7,820000172;;0,368999988;;;;;;;;;2,130000114;0,550000012;0,289999992;0,0045;;;2,470000029;;;2,329999924;0,200000003;;;;;;;
SNH524;2;;;;42;;10YR3/2;10YR3.5/3;S;M;S;;;;;;;;86;4;10;LS;;;;;;;;;;;;7,190000057;;0,160999998;;;;;;;;;3,619999886;0,860000014;0,349999994;0,005;;;5,789999962;;;2,910000086;0,230000004;;;;;;;
SNH524;3;;;;93;;10YR4/4;10YR5/4;S;M;S;;;;;;;;89;3;9;LS;;;;;;;;;;;;7,300000191;;0,238999993;;;;;;;;;2,680000067;0,620000005;0,300000012;0,0045;;;4,210000038;;;0,600000024;0,209999993;;;;;;;
SNH524;4;;;;120;;10YR4.5/4;10YR6/4;S;M;S;;;;;;;;87;5;8;LS;;;;;;;;;;;;7,650000095;;0,238000005;;;;;;;;;2,569999933;0,50999999;0,25999999;0,0045;;;3,75;;;0,5;0,200000003;;;;;;;
SNH524;5;;;;130;;10YR6/4;10YR7/4;M;M;S;;;;;;;;;;;;;;;;;;;;;;;;;;;;;;;;;;;;;;;;;;;;;;;;;;;
SNH525;1;;;;49;;10YR4/3;10YR5/4;;;N;;;;;;;;89;4;7;S;;;;;;;;;;;;7,400000095;;1,55400002;;;;;;;;;2,599999905;1,789999962;0,340000004;0,0115;;;3,180000067;;;4,059999943;0,790000021;;;;;;;
SNH525;2;;;;88;;10YR4.5/4;10YR5.5/4;;;N;;;;;;;;93;1;6;S;;;;;;;;;;;;7,78000021;;0,483999997;;;;;;;;;2,470000029;1,090000033;0,469999999;0,007;;;2,059999943;;;1,159999967;0,189999998;;;;;;;
SNH525;3;;;;126;;10YR5/4;10YR6/4;W;M;S;;;;;;;;93;1;6;S;;;;;;;;;;;;8,199999809;;0,342999995;;;;;;;;;1,779999971;1,070000052;0,319999993;0,0045;;;2,029999971;;;0,5;0,109999999;;;;;;;
SNH525;4;;;;140;;10YR5.5/6;10YR6.5/4;N;;M;;;;;;;;94;0;6;S;;;;;;;;;;;;7,900000095;;0,606000006;;;;;;;;;1,779999971;0,810000002;0,330000013;0,0035;;;1,580000043;;;0,400000006;0,140000001;;;;;;;
SNKAP5;1;;;;20;;10YR3/2;;;;A;;;;;;;;;;;;;;;;;;;;;;;;;;;;;;;;;;;;;;;;;;;;;;;;;;;
SNKAP5;2;;;;55;;10YR3/4;;;;M;;;;;;;;;;;;;;;;;;;;;;;;;;;;;;;;;;;;;;;;;;;;;;;;;;;
SNKAP5;3;;;;90;;7.5YR3/4;;;;M;;;;;;;;;;;;;;;;;;;;;;;;;;;;;;;;;;;;;;;;;;;;;;;;;;;
SNKF35/C001;1;;;A;23;;10YR4/4;;;;M;;;;;;;;75;17;8;SL;;;;;;;;;;;;6;5,300000191;;;;;;;;;;1,799999952;0,600000024;0,039999999;0,100000001;;;10,69999981;;;5,5;0,370000005;;;;;;;
SNKF35/C001;2;;;B1;82;;7.5YR4/6;;;;M;;;;;;;;73;13;16;SL;;;;;;;;;;;;5,800000191;5;;;;;;;;;;1,899999976;0,699999988;0,029999999;0,079999998;;;3,75;;;4,199999809;0,299999982;;;;;;;
SNKF35/C001;3;;;B2;150;;10YR5/8;;;;M;;;;;;;;66;12;22;SCL;;;;;;;;;;;;6;5,400000095;;;;;;;;;;;;;;;;5,099999905;;;2,700000048;0,179999992;;;;;;;
SNMAIG65;1;;;;25;;;;;;C;;;;30;;61;;91;4;3;S;;;;;;;;;;;;6,599999905;;;;;;;;;;;1,600000024;0,5;;0,109999999;;;;;;4,300000191;0,270000011;;;;;;;
SNMAIG65;2;;;;50;;;;;;S;;;;;;;;;;;;;;;;;;;;;;;;;;;;;;;;;;;;;;;;;;;;;;;;;;;
SNMAIG65;3;;;;85;;;;;;G;;;;31;;58;;89;2;8;S;;;;;;;;;;;;6,5;;;;;;;;;;;0,699999988;0,400000006;;0,090000004;;;;;;1,100000024;0,090000004;;;;;;;
SNMAIG65;4;;;;155;;;;;;;;;;29;;47;;76;3;20;SL;;;;;;;;;;;;5,5;;;;;;;;;;;0,899999976;0,600000024;;0,090000004;;;;;;;;;;;;;;
SNMAIG65;5;;;;210;;;;;;;;;;28;;48;;76;4;16;SL;;;;;;;;;;;;5,800000191;;;;;;;;;;;0,75;0,400000006;;0,109999999;;;;;;;;;;;;;;
SNMAIG69;1;;;;10;;;;;;C;;;;9;;41;;50;11;39;SC;;;;;;;;;;;;7,800000191;;;;;;;;;;;21;109;0,699999988;0,209999993;;;;;;7,599999905;0,769999981;;;;;;;
SNMAIG69;2;;;;50;;;;;;R;;;;;;;;;;;;;;;;;;;;;;;;;;;;;;;;;;;;;;;;;;;;;;;;;;;
SNMAIG69;3;;;;100;;;;;;R;;;;;;;;;;;;;;;;;;;;;;;;;;;;;;;;;;;;;;;;;;;;;;;;;;;
SNMAIG69;4;;;;200;;;;;;P;;;;9;;39;;48;8;36;SC;;;;;;;;;;;;7,5;;;;;;;;;;;21,10000038;10,60000038;0,680000007;0,209999993;;;;;;5,899999619;0,5;;;;;;;
SNORSTOM/KME53;1;OC;;A11;10;C;;10YR5/2.5;W;F;S;A;;;29;;31;12;72;23;15;SL;;16;1000;10;;;;;6;;;5,900000095;4,800000191;;;;;;;;;;1,799999952;0,800000012;0,059999999;0,200000003;;;5,199999809;;;10;0,699999988;;;7;;;;
SNORSTOM/MKE53;2;;;A12;23;C;;10YR6/3;M;F;S;A;;;21;;38;5;64;15;23;SCL;;18;1000;12;;;;;8;;;5,099999905;4,300000191;;;;;;;;;;0,600000024;0,400000006;0,119999997;0,100000001;;;5;;;;;;;4;;;;
SNORSTOM/MKE53;3;;;C;30;;;;;;;;;;;;;;;;;;;;;;;;;;;;;;;;;;;;;;;;;;;;;;;;;;;;;;;;;
SNP15E/7P;1;;;;20;;;;;;A;;;;;;;;;;;;;;;;;;;;;;;;;;;;;;;;;;;;;;;;;;;9,199999809;1,200000048;;;;;;;
SNP15E/7P;2;;;;45;;;;;;M;;;;;;;;;;;;;;;;;;;;;;;;;;;;;;;;;;;;;;;;;;;3,400000095;0,300000012;;;;;;;
SNP15E/7P;3;;;;;;10YR6/6;;;;M;;;;;;;;;;;;;;;;;;;;;;;;;;;;;;;;;;;;;;;;;;;4;0,5;;;;;;;
SNP2E/7P;1;;;A;12;C;10YR4/3;;;;S;;;;0;12;8;10;42;36;33;CL;;;;;;;;;;;;5,5;;;;;;;;;;;2,299999952;1,200000048;0,170000002;0,140000001;;;9,25;;;11,39999962;1,100000024;11;;;;;;
SNP2E/7P;2;;;Bs;35;C;10YR4/3;;;;S;;;;0;2;3;4;9;42;47;SIC;;;;;;;;;;;;5,5;;;;;;;;;;;2,400000095;0,100000001;0,170000002;0,039999999;;;11,85000038;;;6,700000286;0,5;16;;;;;;
SNP2E/7P;3;;;Bsg;47;G;10YR5/2;;;;S;;;;0;2;1;2;17;48;56;C;;;;;;;;;;;;5,199999809;;;;;;;;;;;1,200000048;0,800000012;0,140000001;0,059999999;;;9;;;;;;;;;;;
SNP2E/7P;4;;;Bg1;55;G;10YR5/1;;;;C;;;;0;3;7;7;21;28;56;C;;;;;;;;;;;;5;;;;;;;;;;;1;0;0,100000001;0,059999999;;;8,600000381;;;;;;;;;;;
SNP2E/7P;5;;;Bg2;104;;10YR5/1;;;;C;;;;0;5;6;6;24;31;51;C;;;;;;;;;;;;5,5;;;;;;;;;;;1;0;0,100000001;0,050000001;;;1,649999976;;;;;;;;;;;
SNRAF51;1;;;;15;;;;;;S;;;;;;;;61;16;19;SL;;;;;;;;;;;;6,5;;;;;;;;;;;;;;;;;;;;;;;;;;;;
SNRAF51;2;;;;150;;;;;;;;;;;;;;52;20;31;SCL;;;;;;;;;;;;6;;;;;;;;;;;;;;;;;;;;;;;;;;;;
SNRAF64;1;;;;15;G;;10YR3/3;;;S;;;;;;;;56;20;24;;;;;;;;;;;;;;5;;;;;;;;;;;;;;;;11,30000019;;;;;;;;;;;
SNRAF64;2;;;;55;G;;10YR3/6;;;S;;;;;;;;58;13;29;;;;;;;;;;;;;;6,5;;;;;;;;;;;;;;;;12,39999962;;;;;;;;;;;
SNRAF64;3;;;;93;C;10YR4/6;;;;;;;;;;;;43;20;37;;;;;;;;;;;;;;5,5;;;;;;;;;;;;;;;;14,19999981;;;;;;;;;;;
SNRAF64;4;;;;117;C;;;;;;;;;;;;;54;14;32;;;;;;;;;;;;;;6;;;;;;;;;;;;;;;;16,39999962;;;;;;;;;;;
SNRAF64;5;;;;150;;5G7/1;;;;;;;;;;;;56;12;32;;;;;;;;;;;;;;;;;;;;;;;;;;;;;;;;;;;;;;;;;
SNRSM01;1;;;;29;;10YR7/3;;;;;M;F;;;;;;;;;SL;;;;;;;;;;;;6,5;;;;;;;;;;;;;;;;;6,5;;;13;1;;;;;;;
SNRSM01;2;;;;80;;7.5YR6/6;;;;;A;C;;;;;;;;;SL;;;;;;;;;;;;;;;;;;;;;;;;;;;;;5;;;;;;;;;;;
SNRSM01;3;;;;100;;;;;;;A;C;;;;;;;;;SC;;;;;;;;;;;;;;;;;;;;;;;;;;;;;5;;;;;;;;;;;
SNRSM02;1;;;;10;;5YR4/3;;;;N;;;;42;;47;;89;6;5;S;;;;;;;;;;;;7,599999905;5,5;;;;;;;;;;1,74000001;0;0,02;0,109999999;;;1,889999986;;;1,480000019;0,119999997;;;;;;;
SNRSM02;2;;;;40;;5YR434;;;;N;;;;47;;39;;86;4;10;LS;;;;;;;;;;;;7,5;5,300000191;;;;;;;;;;1,879999995;1,100000024;0,02;0,119999997;;;3,529999971;;;1,519999981;0,129999995;;;;;;;
SNRSM02;3;;;;56;;5YR6/4;;;;M;;;;46;;39;;85;3;12;LS;;;;;;;;;;;;7,400000095;5,5;;;;;;;;;;2,200000048;1,580000043;0,02;0,150000006;;;3,569999933;;;;;;;;;;;
SNRSM02;4;;;;150;;;5YR4/4;;;;;;;48;;39;;87;5;8;LS;;;;;;;;;;;;8;5,699999809;;;;;;;;;;1,940000057;2,039999962;0,02;0,119999997;;;3,579999924;;;;;;;;;;;
SNRSM03;1;;;;20;;10YR7/4;;;;N;;;;20;71;4;;95;2;3;S;;;;;;;;;;;;5,400000095;4,400000095;;;;;;;;;;0,699999988;0,200000003;0,006;0,039999999;;;1,75;;;2,24000001;0,189999998;;;;;;;
SNRSM03;2;AL;;;60;;10YR8/3;;;;N;;;;23;64;4;;91;4;5;S;;;;;;;;;;;;5,5;4,199999809;;;;;;;;;;1,200000048;0,5;0,006;0,050000001;;;2,599999905;;;2,140000105;0,189999998;;;;;;;
SNRSM03;3;;;;100;;10YR6/3;;;;M;;;;21;67;4;;92;3;5;S;;;;;;;;;;;;5,5;4,199999809;;;;;;;;;;0,899999976;0,5;0,02;0,029999999;;;2;;;2,00999999;0,159999996;;;;;;;
SNRSM03;4;;;;175;;7.5YR6/6;;;;M;;;;20;68;4;;92;3;5;S;;;;;;;;;;;;5,800000191;4,5;;;;;;;;;;1,5;0,699999988;0,02;0,039999999;;;2,349999905;;;2,170000076;0,119999997;;;;;;;
SNRSM03;5;;;;235;;7.5YR6/6;;;;M;;;;22;70;3;;95;1;4;S;;;;;;;;;;;;6,099999905;5;;;;;;;;;;1,090000033;0,300000012;0,02;0,029999999;;;1,450000048;;;1,610000014;0,07;;;;;;;
SNRSM05;1;;;;8;;7.5YR4/4;;;;P;;;;40;;35;;75;11;14;SL;;;;;;;;;;;;6,199999809;5,199999809;;;;;;;;;;1,940000057;1,220000029;0,029999999;0,059999999;;;3,779999971;;;9,600000381;0,639999986;;;;;;;
SNRSM05;2;;;;20;;2.5YR4/4;;;;M;;;;41;;32;;73;13;14;SL;;;;;;;;;;;;6;4,5;;;;;;;;;;0,74000001;0,779999971;0,01;0,02;;;3,170000076;;;4,400000095;0,409999996;;;;;;;
SNRSM05;3;;;;50;;2.5YR3,5/6;;;;M;;;;32;;28;;60;14;26;SCL;;;;;;;;;;;;5,099999905;4;;;;;;;;;;0,239999995;0,5;0,02;0,029999999;;;3,869999886;;;4,199999809;0,409999996;;;;;;;
SNRSM05;4;;;;105;;2.5YR4/6;;;;M;;;;24;;20;;44;11;45;C;;;;;;;;;;;;5;4,199999809;;;;;;;;;;0,579999983;0,579999983;0,02;0,029999999;;;4,449999809;;;;;;;;;;;
SNRSM05;5;;;;170;;10YR4/6;;;;M;;;;26;;21;;47;10;43;C;;;;;;;;;;;;5,099999905;4,300000191;;;;;;;;;;0,460000008;0,439999998;0,02;0,029999999;;;2,579999924;;;;;;;;;;;
SNRSM06;1;;;;5;;;10YR 5/1.5;;;S;;;;1;;23;;24;49;27;SIL;;;;;;;;;;;;5,5;5;27;;;;;;;;;3,900000095;6,599999905;2,200000048;0,400000006;;;17,10000038;;;10;0,74000001;;;;;;;
SNRSM06;2;;;;12;;;;;;S;;;;0;;19;;19;47;34;SICL;;;;;;;;;;;;5,5;4,900000095;12,89999962;;;;;;;;;4;7;1,600000024;0,449999988;;;16,20000076;;;12,80000019;1,100000024;;;;;;;
SNRSM06;3;;;;24;;10YR 6/1.5;;;;M;;;;0;;22;;22;46;32;CL;;;;;;;;;;;;6,199999809;5,099999905;6,5;;;;;;;;;2,700000048;5,300000191;1,5;0,400000006;;;6,5;;;2,400000095;0,300000012;;;;;;;
SNRSM06;4;;;;37;;10YR3.5/1;;;;W;;;;0;;11;;11;44;45;SIC;;;;;;;;;;;;5,800000191;4,800000191;6,829999924;;;;;;;;;3,700000048;9,100000381;3;0,649999976;;;17;;;2,700000048;0,340000004;;;;;;;
SNRSM06;5;;;;48;;;;;;M;;;;0;;82;;82;12;6;LS;;;;;;;;;;;;5;4,300000191;4,949999809;;;;;;;;;0,600000024;1,399999976;0;0,050000001;;;2,75;;;0,600000024;0,079999998;;;;;;;
SNRSM06;6;;;;80;;;;;;;;;;2;;32;;34;59;7;SICL;;;;;;;;;;;;5;4,300000191;11,80000019;;;;;;;;;1,799999952;4,199999809;1,200000048;0,200000003;;;8,300000191;;;1,700000048;0,170000002;;;;;;;
SNRSM06;7;;;;103;;;;;;;;;;2;;43;;45;50;5;SIL;;;;;;;;;;;;;;;;;;;;;;;2,400000095;4;1,149999976;0,25;;;7,5;;;1,700000048;0,180000007;;;;;;;
SNRSM07;1;;;;12;;10YR5/3;;;;S;;;;19;;22;;41;20;39;CL;;;;;;;;;;;;7;5;;;;;;;;;;8,899999619;5,760000229;0,079999998;0,360000014;;;14,34000015;;;2,880000114;0,319999993;;;;;;;
SNRSM07;2;;;;35;;10YR6/3;;;;S;;;;13;;21;;34;20;46;C;;;;;;;;;;;;6,599999905;4,699999809;;;;;;;;;;9,399999619;7,820000172;0,059999999;0,219999999;;;17,59000015;;;2,480000019;0,289999992;;;;;;;
SNRSM07;3;;;;80;;10YR6/3;;;;N;;;;13;;23;;36;19;45;C;;;;;;;;;;;;6,300000191;4,5;;;;;;;;;;9,180000305;6,920000076;0,050000001;0,129999995;;;20,22999954;;;;;;;;;;;
SNRSM07;4;;;;120;;;;;;M;;;;29;;67;;96;1;3;S;;;;;;;;;;;;7,300000191;5,199999809;;;;;;;;;;0,560000002;0,25999999;0,02;0,02;;;1,080000043;;;;;;;;;;;
SNRSM09;1;;;;3;;10YR6/3;;;;N;;;;0;;7;;7;63;30;SICL;;;;;;;;;;;;3,599999905;;46,20000076;;;;;;;;;2;9,600000381;40;0,550000012;;;11,39999962;;;12,80000019;1,279999971;;;;;;;
SNRSM09;2;;;;12;;10YR6/3;;;;B;;;;1;;12;;13;36;51;C;;;;;;;;;;;;3,599999905;;5,730000019;;;;;;;;;2,200000048;5,800000191;4,800000191;0,75;;;14,39999962;;;13,19999981;1,129999995;;;;;;;
SNRSM09;3;;;;75;;5YR5/1;;;;R;;;;;;;;;;;;;;;;;;;;;;;3,5;;5,329999924;;;;;;;;;1,600000024;5,599999905;5,400000095;0,800000012;;;1340;;;8,199999809;0,409999996;;;;;;;
SNRSM09;4;;;;100;;2.5YR7/4;;;;;;;;0;;40;;40;27;33;CL;;;;;;;;;;;;3,299999952;;5,679999828;;;;;;;;;1,799999952;4;4,599999905;0,400000006;;;15,75;;;12;0,409999996;;;;;;;
SNRSM09;5;;;;140;;7.5YRN/5;;;;;;;;;;;;;;;;;;;;;;;;;;;2,400000095;;9,199999809;;;;;;;;;3,400000095;6,800000191;8,5;0,449999988;;;20,20000076;;;24,39999962;0,769999981;;;;;;;
SNS101;1;;TC;;15;;5YR4/2;5YR4/3;W;F;B;;;;;;;;76;13;11;SL;;;;;;;;;;;;5,409999847;;0,381000012;;;;;;;;;1,25999999;0,769999981;0,270000011;0,003;;;4,190000057;;;6,980000019;0,409999996;;;;;;;
SNS101;2;;;;35;;5YR4/6;5YR5/6;W;F;B;;;;;;;;65;13;24;SCL;;;;;;;;;;;;4,71999979;;0,170000002;;;;;;;;;1,24000001;0,50999999;0,25999999;0,0025;;;4,420000076;;;4,650000095;0,330000013;;;;;;;
SNS101;3;;;;65;;5YR4/6;5YR5/6;W;F;S;;;;;;;;55;8;37;SC;;;;;;;;;;;;4,690000057;;0,620000005;;;;;;;;;0,819999993;0,270000011;0,280000001;0,0025;;;5,630000114;;;2,910000086;0,330000013;;;;;;;
SNS101;4;;;;108;;5YR5/6;5YR5/8;W;F;S;;;;;;;;45;11;44;SC;;;;;;;;;;;;5,119999886;;0,519999981;;;;;;;;;0,660000026;0;0,280000001;0,0025;;;6,570000172;;;2,329999924;0,300000012;;;;;;;
SNS101;5;;;;120;;5YR5/6;5YR5/8;;;M;;;;;;;;;;;;;;;;;;;;;;;;;;;;;;;;;;;;;;;;;;;;;;;;;;;
SNS102;1;;;;30;;10YR4/2;;;;G;;;;;;;;88;5;7;S;;;;;;;;;;;;5;;0,456;;;;;;;;;1,210000038;0,239999995;0,25;0,007;;;3,089999914;;;5,230000019;0,379999995;;;;;;;
SNS102;2;;;;75;;10YR6/3;10YR5/3;;;G;;;;;;;;62;28;10;SL;;;;;;;;;;;;5,5;;0,123999998;;;;;;;;;0,970000029;0,270000011;0,239999995;0,006;;;1,769999981;;;1,74000001;0,159999996;;;;;;;
SNS102;3;;;;135;;10YR7/4;;;;G;;;;;;;;70;22;8;SL;;;;;;;;;;;;5,389999866;;0,179000005;;;;;;;;;0,930000007;0,25999999;0,239999995;0,0055;;;1,279999971;;;1,159999967;0,200000003;;;;;;;
SNS102;4;;;;145;;;;;;;;;;;;;;;;;;;;;;;;;;;;;;;;;;;;;;;;;;;;;;;;;;;;;;;;;
SNS104;1;;;;20;;10YR3/2;;W;;S;;;;;;;;71;19;10;SL;;;;;;;;;;;;5,539999962;;1,00999999;;;;;;;;;0,170000002;1,210000038;0,319999993;0,050000001;;;5,920000076;;;11,05000019;0,49000001;;;;;;;
SNS104;2;;;;35;;10YR4/4;;W;;S;;;;;;;;67;16;17;SL;;;;;;;;;;;;4,710000038;;0,342000008;;;;;;;;;0,959999979;0,790000021;0,319999993;0,005;;;3,75;;;5,230000019;0,379999995;;;;;;;
SNS104;3;;;;50;;10YR5/4;;W;;S;;;;;;;;56;16;28;SCL;;;;;;;;;;;;5,179999828;;0,115999997;;;;;;;;;1,129999995;0,810000002;0,300000012;0,005;;;5,170000076;;;3,49000001;0,379999995;;;;;;;
SNS104;4;;;;85;;10YR5/6;10YR7/6;;;M;D;F;;;;;;52;18;30;SCL;;;;;;;;;;;;5,179999828;;0,077;;;;;;;;;0,800000012;0;0,270000011;0,005;;;4,769999981;;;4,070000172;0,379999995;;;;;;;
SNS104;5;;;;100;;;10YR7/6;;;M;D;M;;;;;;;;;;;;;;;;;;;;;;;;;;;;;;;;;;;;;;;;;;;;;;;;;
SNS104;6;;;;110;;;;;;M;;;;;;;;;;;;;;;;;;;;;;;;;;;;;;;;;;;;;;;;;;;;;;;;;;;
SNS2.P7;1;OC;;Ag;7;;10YR5/2;;W;M;S;;;;17;;50;;67;10;12;SL;;;;;;;;;;;;5,800000191;5,5;;;;;;;;;;;;;;;;;;;5,699999809;0,180000007;;;;;;;
SNS2.P7;2;;;Bjo;20;;10YR7/21;;N;;M;;;;21;;58;;79;5;5;LS;;;;;;;;;;;;4,900000095;4,699999809;;;;;;;;;;;;;;;;;;;2,700000048;0,079999998;;;;;;;
SNS2.P7;3;;;Bgjo;30;;10YR7/2;;W;M;S;;;;25;;57;;82;12;6;LS;;;;;;;;;;;;4,400000095;4,300000191;;;;;;;;;;;;;;;;;;;;;;;;;;;
SNS2.P7;4;;;Bjo;45;;10YR4/1;;W;M;S;;;;10;;35;;45;24;31;L;;;;;;;;;;;;3,599999905;3,5;;;;;;;;;;;;;;;;;;;;;;;;;;;
SNS2.P7;5;;;B1j;70;;10YR3/1;;N;;M;;;;10;;40;;50;21;29;SCL;;;;;;;;;;;;3,799999952;3,599999905;;;;;;;;;;;;;;;;;;;;;;;;;;;
SNS2.P7;6;;;B2j;95;;10YR3/1;;N;;M;;;;18;;41;;59;10;21;SCL;;;;;;;;;;;;3,200000048;3,200000048;;;;;;;;;;;;;;;;;;;;;;;;;;;
SNSF103;1;;;;17;;10YR3/3;;;;M;;;;18;;66;10;94;2;4;S;;;;;;;;;;;;2,650000095;4,849999905;;;;;;;;;;1,100000024;0,360000014;0,140000001;0,129999995;;;2,75999999;;;4,099999905;0,370000005;;;;;;;
SNSF103;2;;;;40;;;10YR6/6;;;M;;;;19;;59;12;90;3;7;S;;;;;;;;;;;;4,949999809;4,800000191;;;;;;;;;;1,539999962;0,159999996;0,140000001;0,119999997;;;2,640000105;;;3;0,330000013;;;;;;;
SNSF103;3;;;;95;;;10YR7/4;;;M;;;;;;;;;;;;;;;;;;;;;;;;;;;;;;;;;;;;;;;;;;;;;;;;;;;
SNSF103;4;;;;;;;;;;;;;;18;;49;11;77;2;21;SCL;;;;;;;;;;;;4,900000095;4,599999905;;;;;;;;;;1,539999962;0,639999986;0,170000002;0,129999995;;;3,900000095;;;2,900000095;0,280000001;;;;;;;
SNSF117;1;;;;12;;;10YR5/1;;;M;;;;19;;50;19;88;5;7;S;;;;;;;;;;;;4,849999905;4,599999905;;;;;;;;;;1,879999995;0,800000012;0,159999996;0,129999995;;;5,099999905;;;9,300000191;0,589999974;;;;;;;
SNSF117;2;;;;40;;;10YR6/2;;;;;;;16;;51;17;84;5;10;LS;;;;;;;;;;;;4,599999905;4,150000095;;;;;;;;;;0,540000021;0,409999996;0,140000001;0,119999997;;;3,5;;;4,400000095;0,379999995;;;;;;;
SNSF117;3;;;;70;;;10YR5/3;;;M;;;;;;;;;;;;;;;;;;;;;;;;;;;;;;;;;;0,439999998;0,25;0,159999996;0,129999995;;;4,699999809;;;4,300000191;0,379999995;;;;;;;
SNSF117;4;;;;130;;;10YR8/4;;;M;;;;15;;44;15;75;4;22;SCL;;;;;;;;;;;;4,25;4,050000191;;;;;;;;;;;;;;;;;;;;;;;;;;;
SNSF137;1;;;;15;;10YR3/1;;;;M;;;;17;;49;15;81;9;10;LS;;;;;;;;;;;;5,199999809;4,349999905;;;;;;;;;;3,359999895;0,409999996;0,219999999;0,150000006;;;6,599999905;;;7,099999905;0,579999983;;;;;;;
SNSF137;2;;;;35;;10YR5/1;;;;M;;;;16;;45;19;80;6;14;SL;;;;;;;;;;;;5,650000095;4,400000095;;;;;;;;;;3,400000095;0,50999999;0,200000003;0,119999997;;;6,300000191;;;3,5;0,270000011;;;;;;;
SNSF137;3;;;;60;;;10YR6/2;;;M;;;;14;;40;13;67;5;28;SCL;;;;;;;;;;;;5,550000191;4,050000191;;;;;;;;;;4,650000095;0,730000019;0,280000001;0,129999995;;;8,5;;;3,199999809;0,270000011;;;;;;;
SNSF137;4;;;;140;;10YR7/1;;;;M;;;;;;;;;;;;;;;;;;;;;;;;;;;;;;;;;;;;;;;;;;;;;;;;;;;
SNSF142;1;;;;15;;7.5YR3/2;;;;M;;;;28;;59;8;95;1;4;S;;;;;;;;;;;;5,599999905;4,800000191;;;;;;;;;;1,919999957;0,620000005;0,159999996;0,119999997;;;2,819999933;;;5,599999905;0,340000004;;;;;;;
SNSF142;2;;;;45;;;7.5YR5/4;;;M;;;;24;;61;8;93;2;5;S;;;;;;;;;;;;5,599999905;4,5;;;;;;;;;;0,639999986;0,280000001;0,129999995;0,100000001;;;1,149999976;;;3,400000095;0,340000004;;;;;;;
SNSF142;3;;;;85;;;5YR5/6;;;M;;;;28;;55;9;92;0;8;S;;;;;;;;;;;;5,300000191;4,25;;;;;;;;;;0,360000014;0,219999999;0,129999995;0,100000001;;;0,810000002;;;2,099999905;0,209999993;;;;;;;
SNSF142;4;;;;140;;5YR5/8;;;;M;;;;;;;;;;;;;;;;;;;;;;;;;;;;;;;;;;;;;;;;;;;;;;;;;;;
SNSF143;1;;;;15;C;10YR3/2;;;;M;;;;20;;59;14;93;2;5;S;;;;;;;;;;;;6,150000095;5,449999809;;;;;;;;;;2,950000048;1,200000048;0,140000001;0,159999996;;;5,800000191;;;10;0,579999983;;;;;;;
SNSF143;2;;;;60;C;;10YR6/3;;;M;;;;16;;63;14;93;2;5;S;;;;;;;;;;;;4,949999809;4,800000191;;;;;;;;;;0,660000026;0,460000008;0,159999996;0,100000001;;;2,349999905;;;2,599999905;0,25999999;;;;;;;
SNSF143;3;;;;120;C;;10YR6/4;;;M;;;;15;;41;12;67;5;28;SCL;;;;;;;;;;;;4,300000191;4,050000191;;;;;;;;;;0,560000002;0,50999999;0,129999995;0,109999999;;;6,050000191;;;5,299999714;0,449999988;;;;;;;
SNSF143;4;;;;140;;10YR7/4;;;;M;;;;;;;;;;;;;;;;;;;;;;;;;;;;;;;;;;;;;;;;;;;;;;;;;;;
SNSF157;1;;;;15;;10YR3/1;;;;;;;;15;;56;20;90;;;;;;;;;;;;;;;6,050000191;5,550000191;;;;;;;;;;3,130000114;0,660000026;0,119999997;0,119999997;;;4,400000095;;;5,899999619;0,519999981;;;;;;;
SNSF157;2;;;;45;;;10YR7/1;;;;;;;15;;52;21;87;;;;;;;;;;;;;;;5,099999905;4,949999809;;;;;;;;;;1,74000001;0,5;0,150000006;0,100000001;;;3,650000095;;;3,300000191;0,349999994;;;;;;;
SNSF157;3;;;;80;;10YR7/2;;;;;;;;16;;58;21;95;;;;;;;;;;;;;;;5,949999809;4,849999905;;;;;;;;;;0,720000029;0,230000004;0,109999999;0,090000004;;;1,899999976;;;3,600000143;0,25;;;;;;;
SNSF157;4;;;;120;;;10YR6/2;;;M;;;;;;;;;;;;;;;;;;;;;;;;;;;;;;;;;;;;;;;;;;;;;;;;;;;
SNSF16;1;;;;10;C;10YR2/1;10YR3/1;;;M;;;;10;;26;17;53;18;29;SCL;;;;;;;;;;;;5,349999905;5,300000191;;;;;;;;;;17;4,730000019;0,170000002;0,239999995;;;23;;;29,5;1,600000024;;;;;;;
SNSF16;2;;;;87;D;10YR3/1;10YR3/1;;;R;;;;9;;27;11;47;12;41;C;;;;;;;;;;;;5,300000191;4,400000095;;;;;;;;;;13,39999962;2,400000095;0,209999993;0,159999996;;;21,54999924;;;10,80000019;0,620000005;;;;;;;
SNSF16;3;;;;115;;10YR5/1;10YR6/1;;;M;;;;23;;42;8;73;2;25;SCL;;;;;;;;;;;;4,650000095;4,150000095;;;;;;;;;;5,25;0,709999979;0,119999997;0,119999997;;;7,800000191;;;2,399999857;0,189999998;;;;;;;
SNSF166;1;;;;14;C;10YR3/1;;;;M;;;;9;;38;18;66;9;25;SCL;;;;;;;;;;;;6,199999809;5,449999809;;;;;;;;;;19,60000038;2,720000029;0,159999996;0,230000004;;;24,79999924;;;18,09999847;1,200000048;;;;;;;
SNSF166;2;;;;60;G;;10YR4/1;;;R;;;;8;;38;14;58;6;36;SC;;;;;;;;;;;;6,5;4,949999809;;;;;;;;;;18,20000076;1,100000024;0,189999998;0,129999995;;;22,85000038;;;6,199999809;0,449999988;;;;;;;
SNSF166;3;;;;100;;;10YR5/1;;;R;;;;89;;39;15;62;5;33;SCL;;;;;;;;;;;;5,949999809;4,800000191;;;;;;;;;;15,39999962;0,479999989;0,200000003;0,140000001;;;20,95000076;;;4,099999905;0,270000011;;;;;;;
SNSF169;1;;;;11;C;10YR3/1;;;;M;;;;12;;42;18;72;17;11;SL;;;;;;;;;;;;5,400000095;;;;;;;;;;;3,549999952;0,829999983;0,119999997;0,140000001;;;8,5;;;10,70000076;0,74000001;;;;;;;
SNSF169;2;;;;41;G;10YR5/2;;;;M;;;;9;;28;19;55;16;29;SCL;;;;;;;;;;;;5,199999809;;;;;;;;;;;2,920000076;0,930000007;0,209999993;0,129999995;;;8,880000114;;;4,5;0,479999989;;;;;;;
SNSF169;3;;;;85;G;10YR4/2;;;;M;;;;9;;33;11;53;10;37;SC;;;;;;;;;;;;5;;;;;;;;;;;2,799999952;0,639999986;0,300000012;0,129999995;;;11,05000019;;;5,599999905;0,5;;;;;;;
SNSF169;4;;;;130;;10YR4/1;;;;M;;;;;;;;;;;;;;;;;;;;;;;;;;;;;;;;;;;;;;;;;;;;;;;;;;;
SNSF174;1;;;;15;C;;10YR4/2;;;M;;;;21;;;18;84;7;9;LS;;;;;;;;;;;;6,25;5,550000191;;;;;;;;;;4,5;0,779999971;0,109999999;0,159999996;;;6,699999809;;;9,100000381;0,699999988;;;;;;;
SNSF174;2;;;;38;G;;10YR6/2;;;M;;;;10;;;23;81;7;12;SL;;;;;;;;;;;;4,949999809;4,75;;;;;;;;;;2,299999952;0,639999986;0,090000004;0,129999995;;;5,099999905;;;3,600000143;0,280000001;;;;;;;
SNSF174;3;;;;80;G;;10YR6/4;;;M;;;;14;;;11;60;6;34;SCL;;;;;;;;;;;;4,5;4,150000095;;;;;;;;;;3,200000048;1,639999986;0,109999999;0,129999995;;;10,14999962;;;3,899999857;0,529999971;;;;;;;
SNSF174;4;;;;120;;;10YR7/4;;;M;;;;;;;;;;;;;;;;;;;;;;;;;;;;;;;;;;;;;;;;;;;;;;;;;;;
SNSF175;1;;;;25;C;10YR3/2;;;;M;;;;21;;54;15;90;7;6;S;;;;;;;;;;;;6,300000191;5,699999809;;;;;;;;;;4,25;1,139999986;0,100000001;0,129999995;;;5,940000057;;;8,300000191;0,680000007;;;;;;;
SNSF175;2;;;;65;G;;10YR7/3;;;M;;;;17;;56;15;88;7;5;S;;;;;;;;;;;;6,050000191;5;;;;;;;;;;1,120000005;0,189999998;0,100000001;0,100000001;;;2,5;;;2;0,140000001;;;;;;;
SNSF175;3;;;;110;G;;10YR6/4;;;M;;;;22;;45;17;84;3;12;LS;;;;;;;;;;;;6,050000191;4,550000191;;;;;;;;;;1,340000033;0,50999999;0,109999999;0,100000001;;;3,25;;;2,799999952;0,25;;;;;;;
SNSF175;4;;;;140;;10YR5/6;;;;M;;;;;;;;;;;;;;;;;;;;;;;;;;;;;;;;;;;;;;;;;;;;;;;;;;;
SNSF188;1;;;;15;G;10YR2/1;;;;M;;;;19;;37;12;68;8;24;SCL;;;;;;;;;;;;5,599999905;4,599999905;;;;;;;;;;11,60000038;2,220000029;0,170000002;0,230000004;;;19,45000076;;;21,09999847;1,419999957;;;;;;;
SNSF188;2;;;;35;C;10YR3/1;;;;M;;;;18;;32;12;61;4;35;SCL;;;;;;;;;;;;5,300000191;4,199999809;;;;;;;;;;9,199999809;2;0,159999996;0,159999996;;;15,05000019;;;7,699999809;0,49000001;;;;;;;
SNSF188;3;;;;100;;10YR7/1;;;;M;;;;16;;32;17;65;5;31;SCL;;;;;;;;;;;;5,75;4,800000191;;;;;;;;;;7,150000095;0,699999988;0,119999997;0,129999995;;;9,899999619;;;4;0,310000002;;;;;;;
SNSF190;1;;;;17;C;10YR3/3;;;;M;;;;21;;58;14;93;3;4;S;;;;;;;;;;;;5,550000191;4,949999809;;;;;;;;;;1,580000043;0,519999981;0,090000004;0,129999995;;;3,5;;;6,300000191;0,389999986;;;;;;;
SNSF190;2;;;;40;C;10YR3/1;;;;M;;;;23;;54;14;90;4;6;S;;;;;;;;;;;;5,400000095;4,849999905;;;;;;;;;;1,24000001;0,310000002;0,100000001;0,100000001;;;2,900000095;;;3,400000095;0,25999999;;;;;;;
SNSF190;3;;;;85;G;;10YR3/4;;;M;;;;22;;54;14;89;4;7;S;;;;;;;;;;;;4,800000191;;;;;;;;;;;0,939999998;0,209999993;0,119999997;0,100000001;;;2,349999905;;;2,399999857;0,230000004;;;;;;;
SNSF190;4;;;;140;;;10YR5/6;;;M;;;;;;;;;;;;;;;;;;;;;;;;;;;;;;;;;;;;;;;;;;;;;;;;;;;
SNSF200;1;;;;10;C;10YR3/2;;;;M;;;;21;;44;17;82;8;10;LS;;;;;;;;;;;;6,150000095;;;;;;;;;;;4,849999905;0,949999988;0,100000001;0,180000007;;;7,150000095;;;9,699999809;0,670000017;;;;;;;
SNSF200;2;;;;35;G;10YR5/4;;;;M;;;;17;;39;12;69;4;28;SCL;;;;;;;;;;;;5,849999905;;;;;;;;;;;3,450000048;1;0,129999995;0,150000006;;;7,300000191;;;4,199999809;0,379999995;;;;;;;
SNSF200;3;;;;90;G;10YR7/2;;;;M;;;;15;;38;13;65;3;32;SCL;;;;;;;;;;;;5,150000095;;;;;;;;;;;2,75;0,800000012;0,109999999;0,119999997;;;7,5;;;3,400000095;0,25999999;;;;;;;
SNSF200;4;;;;140;;10YR7/1;;;;M;;;;;;;;;;;;;;;;;;;;;;;;;;;;;;;;;;;;;;;;;;;;;;;;;;;
SNSF204;1;;;;15;C;10YR5/3;;;;M;;;;15;;55;24;93;2;5;S;;;;;;;;;;;;5,599999905;;;;;;;;;;;1,059999943;0,469999999;0,109999999;0,180000007;;;3,099999905;;;4,199999809;0,360000014;;;;;;;
SNSF204;2;;;;55;C;10YR5/3;;;;M;;;;13;;48;28;89;3;9;S;;;;;;;;;;;;5,449999809;;;;;;;;;;;0,939999998;0,430000007;0,109999999;0,200000003;;;3;;;2,799999952;0,239999995;;;;;;;
SNSF204;3;;;;85;C;10YR6/4;;;;M;;;;12;;44;23;79;2;19;SL;;;;;;;;;;;;5,550000191;;;;;;;;;;;1,360000014;0,949999988;0,090000004;0,119999997;;;4,320000172;;;3;0,349999994;;;;;;;
SNSF204;4;;;;140;;10YR7/6;;;;M;;;;19;;44;20;82;2;15;SL;;;;;;;;;;;;5,400000095;;;;;;;;;;;0,920000017;0,730000019;0,090000004;0,119999997;;;2,880000114;;;2,599999905;0,200000003;;;;;;;
SNSF206;1;;;;17;G;10YR4/3;;;;M;;;;23;;60;13;95;1;4;S;;;;;;;;;;;;5,900000095;;;;;;;;;;;1,039999962;0,479999989;0,100000001;0,230000004;;;2,349999905;;;4;0,349999994;;;;;;;
SNSF206;2;;;;50;G;7.5YR5/4;;;;M;;;;24;;60;8;92;1;7;S;;;;;;;;;;;;5,849999905;;;;;;;;;;;0,5;0,409999996;0,109999999;0,360000014;;;2,5;;;4,400000095;0,300000012;;;;;;;
SNSF206;3;;;;90;D;5YR5/6;;;;M;;;;25;;53;9;87;1;12;SL;;;;;;;;;;;;5,199999809;;;;;;;;;;;0,340000004;0,219999999;0,119999997;0,170000002;;;2,650000095;;;2,5;0,200000003;;;;;;;
SNSF206;4;;;;140;;;5YR6/8;;;M;;;;22;;45;9;78;2;22;SCL;;;;;;;;;;;;4,150000095;;;;;;;;;;;0,340000004;0,230000004;0,100000001;0,109999999;;;3,119999886;;;2,700000048;0,349999994;;;;;;;
SNSF207;1;;;;17;C;5YR4/4;;;;M;;;;27;;57;9;94;2;3;S;;;;;;;;;;;;5,5;;;;;;;;;;;0,819999993;0,310000002;0,100000001;0,140000001;;;2,700000048;;;6,199999809;0,5;;;;;;;
SNSF207;2;;;;45;G;2.5YR4/6;;;;M;;;;29;;53;10;92;1;7;S;;;;;;;;;;;;5,099999905;;;;;;;;;;;0,540000021;0,200000003;0,090000004;0,090000004;;;2,150000095;;;2,899999857;0,300000012;;;;;;;
SNSF207;3;;;;90;G;2.5YR5/8;;;;M;;;;27;;46;9;89;2;9;S;;;;;;;;;;;;5,300000191;;;;;;;;;;;0,460000008;0,209999993;0,090000004;0,090000004;;;2,150000095;;;1,899999976;0,200000003;;;;;;;
SNSF207;4;;;;140;;;2.5YR4/8;;;M;;;;29;;56;8;83;2;15;SL;;;;;;;;;;;;4,349999905;;;;;;;;;;;0,340000004;0,5;0,090000004;0,100000001;;;3,25;;;3,899999857;0,300000012;;;;;;;
SNSF215;1;;;;23;G;10YR3/3;;;;M;;;;22;;56;14;92;2;5;S;;;;;;;;;;;;5,349999905;;;;;;;;;;;0,720000029;0,219999999;0,100000001;0,119999997;;;3,779999971;;;4,599999905;0,340000004;;;;;;;
SNSF215;2;;;;55;C;7.5YR5/4;;;;M;;;;23;;56;12;92;2;6;S;;;;;;;;;;;;5,650000095;;;;;;;;;;;0,819999993;0,189999998;0,090000004;0,109999999;;;2,039999962;;;2;0,180000007;;;;;;;
SNSF215;3;;;;140;;7.5YR5/8;;;;M;;;;21;;40;11;72;2;26;SCL;;;;;;;;;;;;5,849999905;;;;;;;;;;;2,150000095;0,699999988;0,090000004;0,109999999;;;4,800000191;;;3,099999905;0,349999994;;;;;;;
SNSF38;1;;;;25;G;;10YR3/2;;;M;;;;27;;50;10;88;4;8;S;;;;;;;;;;;;5,699999809;5,25;;;;;;;;;;4,800000191;1,820000052;0,150000006;0,140000001;;;7,559999943;;;12,89999962;1,00999999;;;;;;;
SNSF38;2;;;;55;D;;7.5YR5/4;;;M;;;;25;;57;9;90;2;8;S;;;;;;;;;;;;5,5;4,400000095;;;;;;;;;;5;1,860000014;0,119999997;0,129999995;;;8,300000191;;;3,400000095;0,319999993;;;;;;;
SNSF38;3;;;;155;D;;5YR4/8;;;M;;;;22;;43;8;73;2;25;SCL;;;;;;;;;;;;4,300000191;4,150000095;;;;;;;;;;0,779999971;0,370000005;0,109999999;0,100000001;;;2,599999905;;;3,199999809;0,370000005;;;;;;;
SNSF38;4;;;;220;;;2.5YR5/8;;;M;;;;20;;48;10;78;1;21;SCL;;;;;;;;;;;;4,300000191;4,25;;;;;;;;;;0,920000017;0,340000004;0,090000004;0,100000001;;;3,359999895;;;2,599999905;0,330000013;;;;;;;
SNSF53;1;;;;15;C;;10YR6/2;;;M;;;;14;;39;20;74;15;11;SL;;;;;;;;;;;;4,849999905;4,449999809;;;;;;;;;;2;1,870000005;0,150000006;0,159999996;;;5,159999847;;;9,300000191;0,850000024;;;;;;;
SNSF53;2;;;;63;C;;10YR4/2;;;M;;;;5;;25;17;47;15;38;CL;;;;;;;;;;;;4,199999809;3,650000095;;;;;;;;;;2,5;0,959999979;0,119999997;0,159999996;;;5,900000095;;;5,300000191;0,800000012;;;;;;;
SNSF53;3;;;;97;C;;10YR7/4;;;M;;;;25;;54;12;91;3;6;S;;;;;;;;;;;;4,25;3,049999952;;;;;;;;;;2,349999905;0,660000026;0,170000002;0,119999997;;;9,720000267;;;1,5;0,180000007;;;;;;;
SNSF53;4;;;;140;;;10YR6/2;;;M;;;;;;;;;;;;;;;;;;;;;;;;;;;;;;;;;;;;;;;;;;;;;;;;;;;
SNSF61;1;;;;20;G;;2.5YR5/2;;;M;;;;12;;64;14;90;5;5;S;;;;;;;;;;;;;5,199999809;;;;;;;;;;0,300000012;0,07;0,109999999;0,100000001;;;1,75;;;5,899999619;0,550000012;;;;;;;
SNSF61;2;;;;60;G;;10YR6/4;;;M;;;;10;;64;15;90;3;8;S;;;;;;;;;;;;4,699999809;4,599999905;;;;;;;;;;2,369999886;0,660000026;0,109999999;0,119999997;;;4,440000057;;;2,5;0,219999999;;;;;;;
SNSF61;3;;;;150;;;7.5YR6/6;;;M;;;;13;;53;10;76;4;21;SCL;;;;;;;;;;;;4,650000095;4,300000191;;;;;;;;;;0,959999979;0,189999998;0,090000004;0,109999999;;;2,450000048;;;2,799999952;0,370000005;;;;;;;
SNSF70;1;;;;16;C;;10YR4/2;;;M;;;;29;;50;11;90;5;5;S;;;;;;;;;;;;4,900000095;4,800000191;;;;;;;;;;1,299999952;0,529999971;0,100000001;0,119999997;;;3,839999914;;;7,300000191;0,800000012;;;;;;;
SNSF70;2;;;;42;G;10YR6/3;;;;M;;;;25;;49;15;90;4;6;S;;;;;;;;;;;;4,349999905;4,150000095;;;;;;;;;;1,74000001;0,689999998;0,090000004;0,170000002;;;3,960000038;;;3,099999905;2,599999905;;;;;;;
SNSF70;3;;;;85;G;7.5YR5/4;;;;M;;;;25;;44;12;81;3;16;SL;;;;;;;;;;;;4,25;4,050000191;;;;;;;;;;0,519999981;0,25999999;0,100000001;0,129999995;;;2,519999981;;;3,199999809;4;;;;;;;
SNSF70;4;;;;150;;;7,5YR6/6;;;M;;;;;;;;;;;;;;;;;;;;;;;;;;;;;;;;;;;;;;;;;;;;;;;;;;;
SNSF81;1;;;;20;C;5YR4/4;;;;M;;;;8;;76;8;92;2;6;S;;;;;;;;;;;;5,400000095;4,699999809;;;;;;;;;;0,540000021;0,180000007;0,100000001;0,119999997;;;3,400000095;;;4,199999809;0,379999995;;;;;;;
SNSF81;2;;;;55;G;;5YR5/4;;;M;;;;8;;77;7;91;2;6;S;;;;;;;;;;;;4,699999809;4,5;;;;;;;;;;0,839999974;0,360000014;0,150000006;0,140000001;;;2,75999999;;;3,700000048;0,370000005;;;;;;;
SNSF81;3;;;;100;G;;5YR5/8;;;M;;;;9;;76;6;90;2;7;S;;;;;;;;;;;;4,550000191;4,449999809;;;;;;;;;;0,620000005;0,200000003;0,140000001;0,129999995;;;2,160000086;;;2;0,200000003;;;;;;;
SNSF81;4;;;;150;;;2.5YR5/8;;;M;;;;;;;;;;;;;;;;;;;;;;;;;;;;;;;;;;;;;;;;;;;;;;;;;;;
SNSF87;1;;;;15;C;;10YR6/1;;;M;;;;21;;51;17;89;6;5;S;;;;;;;;;;;;5,599999905;4,800000191;;;;;;;;;;1,75999999;0,670000017;0,150000006;0,140000001;;;4,260000229;;;7,699999809;0,560000002;;;;;;;
SNSF87;2;;;;50;G;;10YR6/2;;;M;;;;20;;46;20;85;5;10;LS;;;;;;;;;;;;4,349999905;4,150000095;;;;;;;;;;0,479999989;0,25999999;0,140000001;0,119999997;;;3;;;3,099999905;0,340000004;;;;;;;
SNSF87;3;;;;100;;;10YR6/6;;;M;;;;14;;32;17;62;6;32;SCL;;;;;;;;;;;;4,199999809;3,950000048;;;;;;;;;;0,319999993;0,289999992;0,159999996;0,129999995;;;5,28000021;;;4,099999905;0,360000014;;;;;;;
SNSILP01;1;;;Ap;4;C;10YR4/2;;;;S;;;0;1;24;23;22;93;0;9;S;;;;;;;;;;;;7,400000095;;;;;;;;;;;1,799999952;0,5;0;0,400000006;;;1,950000048;;;4,900000095;0,599999964;;;;;;;
SNSILP01;2;;;A;24;C;10YR4/3;;;;M;;;0;2;23;20;20;64;26;10;SL;;;;;;;;;;;;6,199999809;;;;;;;;;;;1,100000024;0,400000006;0,01;0,200000003;;;2,799999952;;;0,599999964;0,07;;;;;;;
SNSILP01;3;;;AB;85;G;10YR4/3;;;;M;;;1;1;21;21;18;62;16;22;SICL;;;;;;;;;;;;6,400000095;;;;;;;;;;;1;0,5;0;0,129999995;;;2;;;3,099999905;0,299999982;;;;;;;
SNSILP01;4;;;Bt;110;C;10YR5/4;;;;M;;;0;2;18;13;13;46;18;36;CL;;;;;;;;;;;;5,099999905;;;;;;;;;;;1,5;1,299999952;0,01;0,129999995;;;3,5;;;;;;;;;;;
SNSILP01;5;;;Bts;120;;10YR6/4;;;;M;;;2;3;23;14;12;53;15;32;SCL;;;;;;;;;;;;5,300000191;;;;;;;;;;;1,600000024;1,100000024;0,07;0,090000004;;;13,60000038;;;;;;;;;;;
SNSYNACf;1;;;;101;;;;;;;;;;;;;;;;;;;;;;;;;;;;;;;;;;;;;;;;;;;;;;;;;;;;;;;;;
SNSYNACh;1;;;;101;;;;;;;;;;;;;;;;;;;;;;;;;;;;;;;;;;;;;;;;;;;;;;;;;;;;;;;;;
SNSYNACo;1;;;;101;;;;;;;;;;;;;;;;;;;;;;;;;;;;;;;;;;;;;;;;;;;;;;;;;;;;;;;;;
SNSYNACp;1;;;;101;;;;;;;;;;;;;;;;;;;;;;;;;;;;;;;;;;;;;;;;;;;;;;;;;;;;;;;;;
SNSYNARb;1;;;;101;;;;;;;;;;;;;;;;;;;;;;;;;;;;;;;;;;;;;;;;;;;;;;;;;;;;;;;;;
SNSYNARg;1;;;;101;;;;;;;;;;;;;;;;;;;;;;;;;;;;;;;;;;;;;;;;;;;;;;;;;;;;;;;;;
SNSYNARh;1;;;;101;;;;;;;;;;;;;;;;;;;;;;;;;;;;;;;;;;;;;;;;;;;;;;;;;;;;;;;;;
SNSYNARo;1;;;;101;;;;;;;;;;;;;;;;;;;;;;;;;;;;;;;;;;;;;;;;;;;;;;;;;;;;;;;;;
SNSYNCMc;1;;;;101;;;;;;;;;;;;;;;;;;;;;;;;;;;;;;;;;;;;;;;;;;;;;;;;;;;;;;;;;
SNSYNCMd;1;;;;101;;;;;;;;;;;;;;;;;;;;;;;;;;;;;;;;;;;;;;;;;;;;;;;;;;;;;;;;;
SNSYNCMe;1;;;;101;;;;;;;;;;;;;;;;;;;;;;;;;;;;;;;;;;;;;;;;;;;;;;;;;;;;;;;;;
SNSYNCMg;1;;;;101;;;;;;;;;;;;;;;;;;;;;;;;;;;;;;;;;;;;;;;;;;;;;;;;;;;;;;;;;
SNSYNCMo;1;;;;101;;;;;;;;;;;;;;;;;;;;;;;;;;;;;;;;;;;;;;;;;;;;;;;;;;;;;;;;;
SNSYNCMv;1;;;;101;;;;;;;;;;;;;;;;;;;;;;;;;;;;;;;;;;;;;;;;;;;;;;;;;;;;;;;;;
SNSYNCMx;1;;;;101;;;;;;;;;;;;;;;;;;;;;;;;;;;;;;;;;;;;;;;;;;;;;;;;;;;;;;;;;
SNSYNFLd;1;;;;101;;;;;;;;;;;;;;;;;;;;;;;;;;;;;;;;;;;;;;;;;;;;;;;;;;;;;;;;;
SNSYNFLt;1;;;;101;;;;;;;;;;;;;;;;;;;;;;;;;;;;;;;;;;;;;;;;;;;;;;;;;;;;;;;;;
SNSYNFRh;1;;;;101;;;;;;;;;;;;;;;;;;;;;;;;;;;;;;;;;;;;;;;;;;;;;;;;;;;;;;;;;
SNSYNGLd;1;;;;101;;;;;;;;;;;;;;;;;;;;;;;;;;;;;;;;;;;;;;;;;;;;;;;;;;;;;;;;;
SNSYNGLe;1;;;;101;;;;;;;;;;;;;;;;;;;;;;;;;;;;;;;;;;;;;;;;;;;;;;;;;;;;;;;;;
SNSYNGLk;1;;;;101;;;;;;;;;;;;;;;;;;;;;;;;;;;;;;;;;;;;;;;;;;;;;;;;;;;;;;;;;
SNSYNGLu;1;;;;101;;;;;;;;;;;;;;;;;;;;;;;;;;;;;;;;;;;;;;;;;;;;;;;;;;;;;;;;;
SNSYNLPd;1;;;;30;;;;;;;;;;;;;;;;;;;;;;;;;;;;;;;;;;;;;;;;;;;;;;;;;;;;;;;;;
SNSYNLPe;1;;;;30;;;;;;;;;;;;;;;;;;;;;;;;;;;;;;;;;;;;;;;;;;;;;;;;;;;;;;;;;
SNSYNLPk;1;;;;30;;;;;;;;;;;;;;;;;;;;;;;;;;;;;;;;;;;;;;;;;;;;;;;;;;;;;;;;;
SNSYNLXf;1;;;;101;;;;;;;;;;;;;;;;;;;;;;;;;;;;;;;;;;;;;;;;;;;;;;;;;;;;;;;;;
SNSYNRGd;1;;;;101;;;;;;;;;;;;;;;;;;;;;;;;;;;;;;;;;;;;;;;;;;;;;;;;;;;;;;;;;
SNSYNRGe;1;;;;101;;;;;;;;;;;;;;;;;;;;;;;;;;;;;;;;;;;;;;;;;;;;;;;;;;;;;;;;;
SNSYNRGg;1;;;;101;;;;;;;;;;;;;;;;;;;;;;;;;;;;;;;;;;;;;;;;;;;;;;;;;;;;;;;;;
SNSYNSCg;1;;;;101;;;;;;;;;;;;;;;;;;;;;;;;;;;;;;;;;;;;;;;;;;;;;;;;;;;;;;;;;
SNSYNSNh;1;;;;101;;;;;;;;;;;;;;;;;;;;;;;;;;;;;;;;;;;;;;;;;;;;;;;;;;;;;;;;;
SNSYNVRe;1;;;;101;;;;;;;;;;;;;;;;;;;;;;;;;;;;;;;;;;;;;;;;;;;;;;;;;;;;;;;;;
SNZ1.P21;1;OC;;A;10;G;;10YR5/1;W;F;S;;;;25;;46;;71;18;10;SL;;;;;;;;;;;;7,5;6,300000191;0,209999993;;;;;;;;;0,370000005;0,150000006;1,200000048;0,059999999;;;;;;4,849999905;0,430000007;;;;;;;
SNZ1.P21;2;;;ABg;25;C;;10YR5/4;W;M;S;;;;25;;46;;71;18;10;SL;;;;;;;;;;;;7,5;6,300000191;0,209999993;;;;;;;;;0,370000005;0,150000006;1,200000048;0,059999999;;;;;;4,849999905;0,430000007;;;;;;;
SNZ1.P21;3;;;Bg;80;G;10YR6/4;;W;C;S;;;;17;;37;;55;25;21;SCL;;;;;;;;;;;;8,5;7,599999905;1;;;;;;;;;0,50999999;0,330000013;7,610000134;0,07;;;;;;1,370000005;0,100000001;;;;;;;
SNZ1.P21;4;;;BCg;110;;10YR5/2;;W;M;S;;;;13;;37;;50;27;22;SCL;;;;;;;;;;;;8,899999619;7,5;1,110000014;;;;;;;;;0,159999996;0,209999993;8,739999771;0,129999995;;;;;;;;;;;;;;
